"../../../Engine/Plugins/2D/Paper2D/Content/PlaceholderTextures/DummySpriteTexture.ubulk" 0
"../../../Engine/Plugins/2D/Paper2D/Content/PlaceholderTextures/DummySpriteTexture.uasset" 1
"../../../Engine/Plugins/2D/Paper2D/Content/PlaceholderTextures/DummySpriteTexture.uexp" 2
"../../../Engine/Plugins/2D/Paper2D/Content/DummySprite.uasset" 3
"../../../Engine/Plugins/2D/Paper2D/Content/DummySprite.uexp" 4
"../../../Engine/Plugins/2D/Paper2D/Content/DefaultPaperTerrainMaterial.uasset" 5
"../../../Engine/Plugins/2D/Paper2D/Content/DefaultPaperTerrainMaterial.uexp" 6
"../../../Engine/Content/EngineFonts/Faces/DroidSansFallback.uexp" 7
"../../../Engine/Content/EngineFonts/Faces/DroidSansFallback.uasset" 8
"../../../Engine/Content/EngineFonts/Faces/DroidSansFallback.ufont" 9
"../../../Engine/Content/EngineFonts/Faces/RobotoBold.uexp" 10
"../../../Engine/Content/EngineFonts/Faces/RobotoBold.uasset" 11
"../../../Engine/Content/EngineFonts/Faces/RobotoBold.ufont" 12
"../../../Engine/Content/EngineFonts/Faces/RobotoBoldItalic.uexp" 13
"../../../Engine/Content/EngineFonts/Faces/RobotoBoldItalic.uasset" 14
"../../../Engine/Content/EngineFonts/Faces/RobotoBoldItalic.ufont" 15
"../../../Engine/Content/EngineFonts/Faces/RobotoItalic.uexp" 16
"../../../Engine/Content/EngineFonts/Faces/RobotoItalic.uasset" 17
"../../../Engine/Content/EngineFonts/Faces/RobotoItalic.ufont" 18
"../../../Engine/Content/EngineFonts/Faces/RobotoLight.uexp" 19
"../../../Engine/Content/EngineFonts/Faces/RobotoLight.uasset" 20
"../../../Engine/Content/EngineFonts/Faces/RobotoLight.ufont" 21
"../../../Engine/Content/EngineFonts/Faces/RobotoRegular.uexp" 22
"../../../Engine/Content/EngineFonts/Faces/RobotoRegular.uasset" 23
"../../../Engine/Content/EngineFonts/Faces/RobotoRegular.ufont" 24
"../../../Engine/Content/EngineFonts/Roboto.uasset" 25
"../../../Engine/Content/EngineFonts/Roboto.uexp" 26
"../../../Engine/Content/EngineMaterials/DefaultDestructiblePhysicalMaterial.uasset" 27
"../../../Engine/Content/EngineMaterials/DefaultDestructiblePhysicalMaterial.uexp" 28
"../../../Engine/Content/EngineMaterials/DefaultPhysicalMaterial.uasset" 29
"../../../Engine/Content/EngineMaterials/DefaultPhysicalMaterial.uexp" 30
"../../../Engine/Content/EngineSounds/Master.uasset" 31
"../../../Engine/Content/EngineSounds/Master.uexp" 32
"../../../Engine/Content/EngineMaterials/T_Default_Material_Grid_M.ubulk" 33
"../../../Engine/Content/EngineMaterials/T_Default_Material_Grid_M.uasset" 34
"../../../Engine/Content/EngineMaterials/T_Default_Material_Grid_M.uexp" 35
"../../../Engine/Content/EngineMaterials/T_Default_Material_Grid_N.ubulk" 36
"../../../Engine/Content/EngineMaterials/T_Default_Material_Grid_N.uasset" 37
"../../../Engine/Content/EngineMaterials/T_Default_Material_Grid_N.uexp" 38
"../../../Engine/Content/Functions/Engine_MaterialFunctions01/Opacity/CameraDepthFade.uasset" 39
"../../../Engine/Content/Functions/Engine_MaterialFunctions01/Opacity/CameraDepthFade.uexp" 40
"../../../Engine/Content/EngineMaterials/WorldGridMaterial.uasset" 41
"../../../Engine/Content/EngineMaterials/WorldGridMaterial.uexp" 42
"../../../Engine/Plugins/Animation/ControlRig/Content/Controls/ControlRig_Triangle_solid.ubulk" 43
"../../../Engine/Plugins/Animation/ControlRig/Content/Controls/ControlRig_Triangle_solid.uasset" 44
"../../../Engine/Plugins/Animation/ControlRig/Content/Controls/ControlRig_Triangle_solid.uexp" 45
"../../../Engine/Plugins/Animation/ControlRig/Content/Controls/ControlRig_Wedge_1mm.ubulk" 46
"../../../Engine/Plugins/Animation/ControlRig/Content/Controls/ControlRig_Wedge_1mm.uasset" 47
"../../../Engine/Plugins/Animation/ControlRig/Content/Controls/ControlRig_Wedge_1mm.uexp" 48
"../../../Engine/Plugins/Animation/ControlRig/Content/Controls/ControlRig_Wedge_3mm.ubulk" 49
"../../../Engine/Plugins/Animation/ControlRig/Content/Controls/ControlRig_Wedge_3mm.uasset" 50
"../../../Engine/Plugins/Animation/ControlRig/Content/Controls/ControlRig_Wedge_3mm.uexp" 51
"../../../Engine/Plugins/Animation/ControlRig/Content/Controls/ControlRig_Wedge_solid.ubulk" 52
"../../../Engine/Plugins/Animation/ControlRig/Content/Controls/ControlRig_Wedge_solid.uasset" 53
"../../../Engine/Plugins/Animation/ControlRig/Content/Controls/ControlRig_Wedge_solid.uexp" 54
"../../../Engine/Plugins/Media/MediaPlate/Content/SM_MediaPlateScreen.ubulk" 55
"../../../Engine/Plugins/Media/MediaPlate/Content/SM_MediaPlateScreen.uasset" 56
"../../../Engine/Plugins/Media/MediaPlate/Content/SM_MediaPlateScreen.uexp" 57
"../../../Engine/Plugins/NNE/NNEDenoiser/Content/NNEDIM_ColorAlbedoNormal_Alpha.uasset" 58
"../../../Engine/Plugins/NNE/NNEDenoiser/Content/NNEDIM_ColorAlbedoNormal_Alpha.uexp" 59
"../../../Engine/Plugins/NNE/NNEDenoiser/Content/NNEDIM_ColorAlbedoNormal_Default.uasset" 60
"../../../Engine/Plugins/NNE/NNEDenoiser/Content/NNEDIM_ColorAlbedoNormal_Default.uexp" 61
"../../../Engine/Plugins/NNE/NNEDenoiser/Content/NNEDIM_HighQuality_Alpha.uasset" 62
"../../../Engine/Plugins/NNE/NNEDenoiser/Content/NNEDIM_HighQuality_Alpha.uexp" 63
"../../../Engine/Plugins/NNE/NNEDenoiser/Content/NNEDIM_HighQuality_Default.uasset" 64
"../../../Engine/Plugins/NNE/NNEDenoiser/Content/NNEDIM_HighQuality_Default.uexp" 65
"../../../Engine/Plugins/NNE/NNEDenoiser/Content/NNEDOM_Output_Alpha.uasset" 66
"../../../Engine/Plugins/NNE/NNEDenoiser/Content/NNEDOM_Output_Alpha.uexp" 67
"../../../Engine/Plugins/NNE/NNEDenoiser/Content/NNEDOM_Output_Default.uasset" 68
"../../../Engine/Plugins/NNE/NNEDenoiser/Content/NNEDOM_Output_Default.uexp" 69
"../../../Engine/Plugins/NNE/NNEDenoiser/Content/NNEDTIM_ColorAlbedoNormal_Alpha.uasset" 70
"../../../Engine/Plugins/NNE/NNEDenoiser/Content/NNEDTIM_ColorAlbedoNormal_Alpha.uexp" 71
"../../../Engine/Plugins/NNE/NNEDenoiser/Content/NNEDTIM_ColorAlbedoNormal_Default.uasset" 72
"../../../Engine/Plugins/NNE/NNEDenoiser/Content/NNEDTIM_ColorAlbedoNormal_Default.uexp" 73
"../../../Engine/Plugins/NNE/NNEDenoiser/Content/NNEDTOM_Output_Alpha.uasset" 74
"../../../Engine/Plugins/NNE/NNEDenoiser/Content/NNEDTOM_Output_Alpha.uexp" 75
"../../../Engine/Plugins/NNE/NNEDenoiser/Content/NNEDTOM_Output_Default.uasset" 76
"../../../Engine/Plugins/NNE/NNEDenoiser/Content/NNEDTOM_Output_Default.uexp" 77
"../../../Engine/Plugins/NNE/NNEDenoiser/Content/NNEDT_Oidn2-3_Balanced.uasset" 78
"../../../Engine/Plugins/NNE/NNEDenoiser/Content/NNEDT_Oidn2-3_Balanced.uexp" 79
"../../../Engine/Plugins/NNE/NNEDenoiser/Content/NNEDT_Oidn2-3_Balanced_Alpha.uasset" 80
"../../../Engine/Plugins/NNE/NNEDenoiser/Content/NNEDT_Oidn2-3_Balanced_Alpha.uexp" 81
"../../../Engine/Plugins/NNE/NNEDenoiser/Content/NNED_Oidn2-3_Balanced.uasset" 82
"../../../Engine/Plugins/NNE/NNEDenoiser/Content/NNED_Oidn2-3_Balanced.uexp" 83
"../../../Engine/Plugins/NNE/NNEDenoiser/Content/NNED_Oidn2-3_Balanced_Alpha.uasset" 84
"../../../Engine/Plugins/NNE/NNEDenoiser/Content/NNED_Oidn2-3_Balanced_Alpha.uexp" 85
"../../../Engine/Plugins/NNE/NNEDenoiser/Content/NNED_Oidn2-3_Fast.uasset" 86
"../../../Engine/Plugins/NNE/NNEDenoiser/Content/NNED_Oidn2-3_Fast.uexp" 87
"../../../Engine/Plugins/NNE/NNEDenoiser/Content/NNED_Oidn2-3_Fast_Alpha.uasset" 88
"../../../Engine/Plugins/NNE/NNEDenoiser/Content/NNED_Oidn2-3_Fast_Alpha.uexp" 89
"../../../Engine/Plugins/NNE/NNEDenoiser/Content/NNED_Oidn2-3_HighQuality.uasset" 90
"../../../Engine/Plugins/NNE/NNEDenoiser/Content/NNED_Oidn2-3_HighQuality.uexp" 91
"../../../Engine/Plugins/NNE/NNEDenoiser/Content/NNED_Oidn2-3_HighQuality_Alpha.uasset" 92
"../../../Engine/Plugins/NNE/NNEDenoiser/Content/NNED_Oidn2-3_HighQuality_Alpha.uexp" 93
"../../../Engine/Plugins/NNE/NNEDenoiser/Content/NNE_oidn2-3-0_rt_hdr_alb_nrm_small__dyn__fp16_opset11_DenoiseAlpha.uasset" 94
"../../../Engine/Plugins/NNE/NNEDenoiser/Content/NNE_oidn2-3-0_rt_hdr_alb_nrm_small__dyn__fp16_opset11_DenoiseAlpha.uexp" 95
"../../../Engine/Plugins/NNE/NNEDenoiser/Content/NNE_oidn2-3-0_rt_hdr_alb_nrm_small__dyn__fp16_opset11_ForwardAlpha.uasset" 96
"../../../Engine/Plugins/NNE/NNEDenoiser/Content/NNE_oidn2-3-0_rt_hdr_alb_nrm_small__dyn__fp16_opset11_ForwardAlpha.uexp" 97
"../../../Engine/Plugins/NNE/NNEDenoiser/Content/NNE_oidn2-3-0_rt_hdr_alb_nrm__dyn__fp16_opset11_DenoiseAlpha.uasset" 98
"../../../Engine/Plugins/NNE/NNEDenoiser/Content/NNE_oidn2-3-0_rt_hdr_alb_nrm__dyn__fp16_opset11_DenoiseAlpha.uexp" 99
"../../../Engine/Plugins/NNE/NNEDenoiser/Content/NNE_oidn2-3-0_rt_hdr_alb_nrm__dyn__fp16_opset11_ForwardAlpha.uasset" 100
"../../../Engine/Plugins/NNE/NNEDenoiser/Content/NNE_oidn2-3-0_rt_hdr_alb_nrm__dyn__fp16_opset11_ForwardAlpha.uexp" 101
"../../../Engine/Plugins/NNE/NNEDenoiser/Content/NNE_oidn2-3-0_rt_hdr_calb_cnrm_large__dyn__fp16_opset11_DenoiseAlpha.uasset" 102
"../../../Engine/Plugins/NNE/NNEDenoiser/Content/NNE_oidn2-3-0_rt_hdr_calb_cnrm_large__dyn__fp16_opset11_DenoiseAlpha.uexp" 103
"../../../Engine/Plugins/NNE/NNEDenoiser/Content/NNE_oidn2-3-0_rt_hdr_calb_cnrm_large__dyn__fp16_opset11_ForwardAlpha.uasset" 104
"../../../Engine/Plugins/NNE/NNEDenoiser/Content/NNE_oidn2-3-0_rt_hdr_calb_cnrm_large__dyn__fp16_opset11_ForwardAlpha.uexp" 105
"../../../Engine/Plugins/Animation/DeformerGraph/Content/DeformerFunctions/DG_Function_LinearBlendSkin_Morph_Cloth.uasset" 106
"../../../Engine/Plugins/Animation/DeformerGraph/Content/DeformerFunctions/DG_Function_LinearBlendSkin_Morph_Cloth.uexp" 107
"../../../Engine/Plugins/Animation/DeformerGraph/Content/Deformers/DG_LinearBlendSkin_Morph_Cloth.uasset" 108
"../../../Engine/Plugins/Animation/DeformerGraph/Content/Deformers/DG_LinearBlendSkin_Morph_Cloth.uexp" 109
"../../../Engine/Plugins/Animation/DeformerGraph/Content/DeformerFunctions/DG_Function_ComputeNormalsTangents.uasset" 110
"../../../Engine/Plugins/Animation/DeformerGraph/Content/DeformerFunctions/DG_Function_ComputeNormalsTangents.uexp" 111
"../../../Engine/Plugins/Animation/DeformerGraph/Content/DeformerFunctions/DG_Function_LinearBlendSkin_Morph_Cloth_PositionOnly.uasset" 112
"../../../Engine/Plugins/Animation/DeformerGraph/Content/DeformerFunctions/DG_Function_LinearBlendSkin_Morph_Cloth_PositionOnly.uexp" 113
"../../../Engine/Plugins/Animation/DeformerGraph/Content/Deformers/DG_LinearBlendSkin_Morph_Cloth_RecomputeNormals.uasset" 114
"../../../Engine/Plugins/Animation/DeformerGraph/Content/Deformers/DG_LinearBlendSkin_Morph_Cloth_RecomputeNormals.uexp" 115
"../../../Engine/Content/Functions/Engine_MaterialFunctions02/Utility/BreakOutFloat2Components.uasset" 116
"../../../Engine/Content/Functions/Engine_MaterialFunctions02/Utility/BreakOutFloat2Components.uexp" 117
"../../../Engine/Content/EngineMaterials/DefaultDiffuse.ubulk" 118
"../../../Engine/Content/EngineMaterials/DefaultDiffuse.uasset" 119
"../../../Engine/Content/EngineMaterials/DefaultDiffuse.uexp" 120
"../../../Engine/Content/EngineMaterials/DefaultPostProcessMaterial.uasset" 121
"../../../Engine/Content/EngineMaterials/DefaultPostProcessMaterial.uexp" 122
"../../../Engine/Content/EngineFonts/RobotoDistanceField.uasset" 123
"../../../Engine/Content/EngineFonts/RobotoDistanceField.uexp" 124
"../../../Engine/Content/EngineMaterials/DefaultTextMaterialOpaque.uasset" 125
"../../../Engine/Content/EngineMaterials/DefaultTextMaterialOpaque.uexp" 126
"../../../Engine/Content/EngineMaterials/DefaultMaterial.uasset" 127
"../../../Engine/Content/EngineMaterials/DefaultMaterial.uexp" 128
"../../../Engine/Content/BasicShapes/Cone.ubulk" 129
"../../../Engine/Content/BasicShapes/Cone.uasset" 130
"../../../Engine/Content/BasicShapes/Cone.uexp" 131
"../../../Engine/Content/EngineMaterials/DefaultWhiteGrid.ubulk" 132
"../../../Engine/Content/EngineMaterials/DefaultWhiteGrid.uasset" 133
"../../../Engine/Content/EngineMaterials/DefaultWhiteGrid.uexp" 134
"../../../Engine/Content/BasicShapes/Cylinder.ubulk" 135
"../../../Engine/Content/BasicShapes/Cylinder.uasset" 136
"../../../Engine/Content/BasicShapes/Cylinder.uexp" 137
"../../../Engine/Content/BasicShapes/Plane.ubulk" 138
"../../../Engine/Content/BasicShapes/Plane.uasset" 139
"../../../Engine/Content/BasicShapes/Plane.uexp" 140
"../../../Engine/Content/BasicShapes/Sphere.ubulk" 141
"../../../Engine/Content/BasicShapes/Sphere.uasset" 142
"../../../Engine/Content/BasicShapes/Sphere.uexp" 143
"../../../Engine/Content/EngineMaterials/DefaultWhiteGrid_Low.uasset" 144
"../../../Engine/Content/EngineMaterials/DefaultWhiteGrid_Low.uexp" 145
"../../../Engine/Content/EngineMaterials/EmissiveMeshMaterial.uasset" 146
"../../../Engine/Content/EngineMaterials/EmissiveMeshMaterial.uexp" 147
"../../../Engine/Content/EngineMaterials/FastBlueNoise_scalar_128x128x64.uasset" 148
"../../../Engine/Content/EngineMaterials/FastBlueNoise_scalar_128x128x64.uexp" 149
"../../../Engine/Content/EngineMaterials/FastBlueNoise_scalar_128x128x8.uasset" 150
"../../../Engine/Content/EngineMaterials/FastBlueNoise_scalar_128x128x8.uexp" 151
"../../../Engine/Content/EditorResources/BSPVertex.uasset" 152
"../../../Engine/Content/EditorResources/BSPVertex.uexp" 153
"../../../Engine/Content/EngineMaterials/FastBlueNoise_vec2_128x128x64.uasset" 154
"../../../Engine/Content/EngineMaterials/FastBlueNoise_vec2_128x128x64.uexp" 155
"../../../Engine/Content/Functions/Engine_MaterialFunctions02/Utility/MakeFloat3.uasset" 156
"../../../Engine/Content/Functions/Engine_MaterialFunctions02/Utility/MakeFloat3.uexp" 157
"../../../Engine/Content/Functions/Engine_MaterialFunctions02/SplitComponents.uasset" 158
"../../../Engine/Content/Functions/Engine_MaterialFunctions02/SplitComponents.uexp" 159
"../../../Engine/Content/Functions/Engine_MaterialFunctions02/Utility/BreakOutFloat3Components.uasset" 160
"../../../Engine/Content/Functions/Engine_MaterialFunctions02/Utility/BreakOutFloat3Components.uexp" 161
"../../../Engine/Content/Functions/Engine_MaterialFunctions02/Math/Transform3x3Matrix.uasset" 162
"../../../Engine/Content/Functions/Engine_MaterialFunctions02/Math/Transform3x3Matrix.uexp" 163
"../../../Engine/Content/VREditor/SnapGrid/SnapGridMaterial.uasset" 164
"../../../Engine/Content/VREditor/SnapGrid/SnapGridMaterial.uexp" 165
"../../../Engine/Content/VREditor/SnapGrid/SnapGridPlaneMesh.ubulk" 166
"../../../Engine/Content/VREditor/SnapGrid/SnapGridPlaneMesh.uasset" 167
"../../../Engine/Content/VREditor/SnapGrid/SnapGridPlaneMesh.uexp" 168
"../../../Engine/Content/VREditor/LaserPointer/VR_LaserPower_01.ubulk" 169
"../../../Engine/Content/VREditor/LaserPointer/VR_LaserPower_01.uasset" 170
"../../../Engine/Content/VREditor/LaserPointer/VR_LaserPower_01.uexp" 171
"../../../Engine/Content/VREditor/TransformGizmo/TransformGizmoMaterial.uasset" 172
"../../../Engine/Content/VREditor/TransformGizmo/TransformGizmoMaterial.uexp" 173
"../../../Engine/Content/VREditor/TransformGizmo/TranslucentTransformGizmoMaterial.uasset" 174
"../../../Engine/Content/VREditor/TransformGizmo/TranslucentTransformGizmoMaterial.uexp" 175
"../../../Engine/Content/VREditor/TransformGizmo/PlaneTranslationHandle.ubulk" 176
"../../../Engine/Content/VREditor/TransformGizmo/PlaneTranslationHandle.uasset" 177
"../../../Engine/Content/VREditor/TransformGizmo/PlaneTranslationHandle.uexp" 178
"../../../Engine/Content/VREditor/TransformGizmo/RotationHandleFull.ubulk" 179
"../../../Engine/Content/VREditor/TransformGizmo/RotationHandleFull.uasset" 180
"../../../Engine/Content/VREditor/TransformGizmo/RotationHandleFull.uexp" 181
"../../../Engine/Content/VREditor/TransformGizmo/RotationHandleIndicator.ubulk" 182
"../../../Engine/Content/VREditor/TransformGizmo/RotationHandleIndicator.uasset" 183
"../../../Engine/Content/VREditor/TransformGizmo/RotationHandleIndicator.uexp" 184
"../../../Engine/Content/VREditor/TransformGizmo/RotationHandleQuarter.ubulk" 185
"../../../Engine/Content/VREditor/TransformGizmo/RotationHandleQuarter.uasset" 186
"../../../Engine/Content/VREditor/TransformGizmo/RotationHandleQuarter.uexp" 187
"../../../Engine/Content/VREditor/TransformGizmo/StartRotationHandleIndicator.ubulk" 188
"../../../Engine/Content/VREditor/TransformGizmo/StartRotationHandleIndicator.uasset" 189
"../../../Engine/Content/VREditor/TransformGizmo/StartRotationHandleIndicator.uexp" 190
"../../../Engine/Content/VREditor/TransformGizmo/TranslucentTransformGizmoMaterial_Inst.uasset" 191
"../../../Engine/Content/VREditor/TransformGizmo/TranslucentTransformGizmoMaterial_Inst.uexp" 192
"../../../Engine/Content/VREditor/TransformGizmo/TransformGizmoFreeRotation.ubulk" 193
"../../../Engine/Content/VREditor/TransformGizmo/TransformGizmoFreeRotation.uasset" 194
"../../../Engine/Content/VREditor/TransformGizmo/TransformGizmoFreeRotation.uexp" 195
"../../../Engine/Content/VREditor/TransformGizmo/TransformGizmoMaterial_Inst.uasset" 196
"../../../Engine/Content/VREditor/TransformGizmo/TransformGizmoMaterial_Inst.uexp" 197
"../../../Engine/Content/VREditor/TransformGizmo/TranslateArrowHandle.ubulk" 198
"../../../Engine/Content/VREditor/TransformGizmo/TranslateArrowHandle.uasset" 199
"../../../Engine/Content/VREditor/TransformGizmo/TranslateArrowHandle.uexp" 200
"../../../Engine/Content/VREditor/TransformGizmo/UniformScaleHandle.ubulk" 201
"../../../Engine/Content/VREditor/TransformGizmo/UniformScaleHandle.uasset" 202
"../../../Engine/Content/VREditor/TransformGizmo/UniformScaleHandle.uexp" 203
"../../../Engine/Content/VREditor/Sounds/UI/Drop_Item_From_ContentBrowser.ubulk" 204
"../../../Engine/Content/VREditor/Sounds/UI/Drop_Item_From_ContentBrowser.uasset" 205
"../../../Engine/Content/VREditor/Sounds/UI/Drop_Item_From_ContentBrowser.uexp" 206
"../../../Engine/Content/VREditor/Sounds/UI/Gizmo_Handle_Clicked.ubulk" 207
"../../../Engine/Content/VREditor/Sounds/UI/Gizmo_Handle_Clicked.uasset" 208
"../../../Engine/Content/VREditor/Sounds/UI/Gizmo_Handle_Clicked.uexp" 209
"../../../Engine/Content/VREditor/Sounds/UI/Object_PickUp.ubulk" 210
"../../../Engine/Content/VREditor/Sounds/UI/Object_PickUp.uasset" 211
"../../../Engine/Content/VREditor/Sounds/UI/Object_PickUp.uexp" 212
"../../../Engine/Content/VREditor/Sounds/UI/Object_Snaps_To_Another_Actor.ubulk" 213
"../../../Engine/Content/VREditor/Sounds/UI/Object_Snaps_To_Another_Actor.uasset" 214
"../../../Engine/Content/VREditor/Sounds/UI/Object_Snaps_To_Another_Actor.uexp" 215
"../../../Engine/Content/VREditor/Sounds/UI/Object_Snaps_To_Grid.ubulk" 216
"../../../Engine/Content/VREditor/Sounds/UI/Object_Snaps_To_Grid.uasset" 217
"../../../Engine/Content/VREditor/Sounds/UI/Object_Snaps_To_Grid.uexp" 218
"../../../Engine/Content/VREditor/Sounds/UI/Scaling_Down.ubulk" 219
"../../../Engine/Content/VREditor/Sounds/UI/Scaling_Down.uasset" 220
"../../../Engine/Content/VREditor/Sounds/UI/Scaling_Down.uexp" 221
"../../../Engine/Content/VREditor/Sounds/UI/Scaling_Up.ubulk" 222
"../../../Engine/Content/VREditor/Sounds/UI/Scaling_Up.uasset" 223
"../../../Engine/Content/VREditor/Sounds/UI/Scaling_Up.uexp" 224
"../../../Engine/Content/VREditor/Sounds/UI/Selection_Changes.ubulk" 225
"../../../Engine/Content/VREditor/Sounds/UI/Selection_Changes.uasset" 226
"../../../Engine/Content/VREditor/Sounds/UI/Selection_Changes.uexp" 227
"../../../Engine/Content/EngineMaterials/BaseFlattenDiffuseMap.uasset" 228
"../../../Engine/Content/EngineMaterials/BaseFlattenDiffuseMap.uexp" 229
"../../../Engine/Content/EngineMaterials/BaseFlattenEmissiveMap.uasset" 230
"../../../Engine/Content/EngineMaterials/BaseFlattenEmissiveMap.uexp" 231
"../../../Engine/Content/EngineMaterials/BaseFlattenGrayscaleMap.uasset" 232
"../../../Engine/Content/EngineMaterials/BaseFlattenGrayscaleMap.uexp" 233
"../../../Engine/Content/EngineMaterials/BaseFlattenLinearColor.uasset" 234
"../../../Engine/Content/EngineMaterials/BaseFlattenLinearColor.uexp" 235
"../../../Engine/Content/EngineMaterials/BaseFlattenNormalMap.uasset" 236
"../../../Engine/Content/EngineMaterials/BaseFlattenNormalMap.uexp" 237
"../../../Engine/Content/Functions/Engine_MaterialFunctions02/PivotPainter2/Black_1x1_EXR_Texture.uasset" 238
"../../../Engine/Content/Functions/Engine_MaterialFunctions02/PivotPainter2/Black_1x1_EXR_Texture.uexp" 239
"../../../Engine/Content/EngineMaterials/FlattenMaterial.uasset" 240
"../../../Engine/Content/EngineMaterials/FlattenMaterial.uexp" 241
"../../../Engine/Content/EngineMaterials/BaseFlattenDiffuseMap_VT.ubulk" 242
"../../../Engine/Content/EngineMaterials/BaseFlattenDiffuseMap_VT.uasset" 243
"../../../Engine/Content/EngineMaterials/BaseFlattenDiffuseMap_VT.uexp" 244
"../../../Engine/Content/EngineMaterials/BaseFlattenEmissiveMap_VT.ubulk" 245
"../../../Engine/Content/EngineMaterials/BaseFlattenEmissiveMap_VT.uasset" 246
"../../../Engine/Content/EngineMaterials/BaseFlattenEmissiveMap_VT.uexp" 247
"../../../Engine/Content/EngineMaterials/BaseFlattenGrayscaleMap_VT.ubulk" 248
"../../../Engine/Content/EngineMaterials/BaseFlattenGrayscaleMap_VT.uasset" 249
"../../../Engine/Content/EngineMaterials/BaseFlattenGrayscaleMap_VT.uexp" 250
"../../../Engine/Content/EngineMaterials/BaseFlattenLinearColor_VT.ubulk" 251
"../../../Engine/Content/EngineMaterials/BaseFlattenLinearColor_VT.uasset" 252
"../../../Engine/Content/EngineMaterials/BaseFlattenLinearColor_VT.uexp" 253
"../../../Engine/Content/EngineMaterials/BaseFlattenNormalMap_VT.ubulk" 254
"../../../Engine/Content/EngineMaterials/BaseFlattenNormalMap_VT.uasset" 255
"../../../Engine/Content/EngineMaterials/BaseFlattenNormalMap_VT.uexp" 256
"../../../Engine/Content/EngineMaterials/Black_1x1_EXR_Texture_VT.ubulk" 257
"../../../Engine/Content/EngineMaterials/Black_1x1_EXR_Texture_VT.uasset" 258
"../../../Engine/Content/EngineMaterials/Black_1x1_EXR_Texture_VT.uexp" 259
"../../../Engine/Content/EngineMaterials/FlattenMaterial_VT.uasset" 260
"../../../Engine/Content/EngineMaterials/FlattenMaterial_VT.uexp" 261
"../../../Engine/Content/EngineMaterials/FlattenMaterial_WS_Normal_VT.uasset" 262
"../../../Engine/Content/EngineMaterials/FlattenMaterial_WS_Normal_VT.uexp" 263
"../../../Engine/Plugins/Animation/ControlRig/Content/Controls/ControlRigGizmoMaterial.uasset" 264
"../../../Engine/Plugins/Animation/ControlRig/Content/Controls/ControlRigGizmoMaterial.uexp" 265
"../../../Engine/Plugins/Animation/ControlRig/Content/Controls/ControlRigXRayMaterial.uasset" 266
"../../../Engine/Plugins/Animation/ControlRig/Content/Controls/ControlRigXRayMaterial.uexp" 267
"../../../Engine/Content/EngineMaterials/GizmoMaterial.uasset" 268
"../../../Engine/Content/EngineMaterials/GizmoMaterial.uexp" 269
"../../../Engine/Plugins/Animation/ControlRig/Content/Controls/ControlRig_Arrow2_1mm.ubulk" 270
"../../../Engine/Plugins/Animation/ControlRig/Content/Controls/ControlRig_Arrow2_1mm.uasset" 271
"../../../Engine/Plugins/Animation/ControlRig/Content/Controls/ControlRig_Arrow2_1mm.uexp" 272
"../../../Engine/Content/EditorResources/S_Actor.ubulk" 273
"../../../Engine/Content/EditorResources/S_Actor.uasset" 274
"../../../Engine/Content/EditorResources/S_Actor.uexp" 275
"../../../Engine/Content/EditorResources/S_BoxReflectionCapture.uasset" 276
"../../../Engine/Content/EditorResources/S_BoxReflectionCapture.uexp" 277
"../../../Engine/Plugins/Animation/ControlRig/Content/Controls/ControlRig_Arrow2_3mm.ubulk" 278
"../../../Engine/Plugins/Animation/ControlRig/Content/Controls/ControlRig_Arrow2_3mm.uasset" 279
"../../../Engine/Plugins/Animation/ControlRig/Content/Controls/ControlRig_Arrow2_3mm.uexp" 280
"../../../Engine/Plugins/Animation/ControlRig/Content/Controls/ControlRig_Arrow2_solid.ubulk" 281
"../../../Engine/Plugins/Animation/ControlRig/Content/Controls/ControlRig_Arrow2_solid.uasset" 282
"../../../Engine/Plugins/Animation/ControlRig/Content/Controls/ControlRig_Arrow2_solid.uexp" 283
"../../../Engine/Plugins/Animation/ControlRig/Content/Controls/ControlRig_Arrow4_1mm.ubulk" 284
"../../../Engine/Plugins/Animation/ControlRig/Content/Controls/ControlRig_Arrow4_1mm.uasset" 285
"../../../Engine/Plugins/Animation/ControlRig/Content/Controls/ControlRig_Arrow4_1mm.uexp" 286
"../../../Engine/Plugins/Animation/ControlRig/Content/Controls/ControlRig_Arrow4_3mm.ubulk" 287
"../../../Engine/Plugins/Animation/ControlRig/Content/Controls/ControlRig_Arrow4_3mm.uasset" 288
"../../../Engine/Plugins/Animation/ControlRig/Content/Controls/ControlRig_Arrow4_3mm.uexp" 289
"../../../Engine/Plugins/Animation/ControlRig/Content/Controls/ControlRig_Arrow4_solid.ubulk" 290
"../../../Engine/Plugins/Animation/ControlRig/Content/Controls/ControlRig_Arrow4_solid.uasset" 291
"../../../Engine/Plugins/Animation/ControlRig/Content/Controls/ControlRig_Arrow4_solid.uexp" 292
"../../../Engine/Plugins/Animation/ControlRig/Content/Controls/ControlRig_Arrow_1mm.ubulk" 293
"../../../Engine/Plugins/Animation/ControlRig/Content/Controls/ControlRig_Arrow_1mm.uasset" 294
"../../../Engine/Plugins/Animation/ControlRig/Content/Controls/ControlRig_Arrow_1mm.uexp" 295
"../../../Engine/Plugins/Animation/ControlRig/Content/Controls/ControlRig_Arrow_3mm.ubulk" 296
"../../../Engine/Plugins/Animation/ControlRig/Content/Controls/ControlRig_Arrow_3mm.uasset" 297
"../../../Engine/Plugins/Animation/ControlRig/Content/Controls/ControlRig_Arrow_3mm.uexp" 298
"../../../Engine/Plugins/Animation/ControlRig/Content/Controls/ControlRig_Arrow_solid.ubulk" 299
"../../../Engine/Plugins/Animation/ControlRig/Content/Controls/ControlRig_Arrow_solid.uasset" 300
"../../../Engine/Plugins/Animation/ControlRig/Content/Controls/ControlRig_Arrow_solid.uexp" 301
"../../../Engine/Plugins/Animation/ControlRig/Content/Controls/ControlRig_Box_1mm.ubulk" 302
"../../../Engine/Plugins/Animation/ControlRig/Content/Controls/ControlRig_Box_1mm.uasset" 303
"../../../Engine/Plugins/Animation/ControlRig/Content/Controls/ControlRig_Box_1mm.uexp" 304
"../../../Engine/Plugins/Animation/ControlRig/Content/Controls/ControlRig_Box_3mm.ubulk" 305
"../../../Engine/Plugins/Animation/ControlRig/Content/Controls/ControlRig_Box_3mm.uasset" 306
"../../../Engine/Plugins/Animation/ControlRig/Content/Controls/ControlRig_Box_3mm.uexp" 307
"../../../Engine/Content/EditorResources/S_Solver.ubulk" 308
"../../../Engine/Content/EditorResources/S_Solver.uasset" 309
"../../../Engine/Content/EditorResources/S_Solver.uexp" 310
"../../../Engine/Plugins/Animation/ControlRig/Content/Controls/ControlRig_Box_solid.ubulk" 311
"../../../Engine/Plugins/Animation/ControlRig/Content/Controls/ControlRig_Box_solid.uasset" 312
"../../../Engine/Plugins/Animation/ControlRig/Content/Controls/ControlRig_Box_solid.uexp" 313
"../../../Engine/Plugins/Animation/ControlRig/Content/Controls/ControlRig_Circle_1mm.ubulk" 314
"../../../Engine/Plugins/Animation/ControlRig/Content/Controls/ControlRig_Circle_1mm.uasset" 315
"../../../Engine/Plugins/Animation/ControlRig/Content/Controls/ControlRig_Circle_1mm.uexp" 316
"../../../Engine/Content/EditorResources/S_Terrain.ubulk" 317
"../../../Engine/Content/EditorResources/S_Terrain.uasset" 318
"../../../Engine/Content/EditorResources/S_Terrain.uexp" 319
"../../../Engine/Content/EditorResources/S_Trigger.ubulk" 320
"../../../Engine/Content/EditorResources/S_Trigger.uasset" 321
"../../../Engine/Content/EditorResources/S_Trigger.uexp" 322
"../../../Engine/Plugins/Animation/ControlRig/Content/Controls/ControlRig_Circle_3mm.ubulk" 323
"../../../Engine/Plugins/Animation/ControlRig/Content/Controls/ControlRig_Circle_3mm.uasset" 324
"../../../Engine/Plugins/Animation/ControlRig/Content/Controls/ControlRig_Circle_3mm.uexp" 325
"../../../Engine/Content/Functions/Engine_MaterialFunctions02/Utility/VectorLength.uasset" 326
"../../../Engine/Content/Functions/Engine_MaterialFunctions02/Utility/VectorLength.uexp" 327
"../../../Engine/Content/Functions/Engine_MaterialFunctions02/WorldPositionOffset/ObjectScale.uasset" 328
"../../../Engine/Content/Functions/Engine_MaterialFunctions02/WorldPositionOffset/ObjectScale.uexp" 329
"../../../Engine/Plugins/Editor/SpeedTreeImporter/Content/SpeedTree9/Empty.uasset" 330
"../../../Engine/Plugins/Editor/SpeedTreeImporter/Content/SpeedTree9/Empty.uexp" 331
"../../../Engine/Plugins/Editor/SpeedTreeImporter/Content/SpeedTree9/EmptyNormal.uasset" 332
"../../../Engine/Plugins/Editor/SpeedTreeImporter/Content/SpeedTree9/EmptyNormal.uexp" 333
"../../../Engine/Plugins/Editor/SpeedTreeImporter/Content/SpeedTree9/game_wind_noise.ubulk" 334
"../../../Engine/Plugins/Editor/SpeedTreeImporter/Content/SpeedTree9/game_wind_noise.uasset" 335
"../../../Engine/Plugins/Editor/SpeedTreeImporter/Content/SpeedTree9/game_wind_noise.uexp" 336
"../../../Engine/Plugins/Editor/SpeedTreeImporter/Content/SpeedTree9/SpeedTreeBillboard.uasset" 337
"../../../Engine/Plugins/Editor/SpeedTreeImporter/Content/SpeedTree9/SpeedTreeBillboard.uexp" 338
"../../../Engine/Content/Functions/Engine_MaterialFunctions02/SafeNormalize.uasset" 339
"../../../Engine/Content/Functions/Engine_MaterialFunctions02/SafeNormalize.uexp" 340
"../../../Engine/Plugins/Editor/SpeedTreeImporter/Content/SpeedTree9/SpeedTreeWindMotion.uasset" 341
"../../../Engine/Plugins/Editor/SpeedTreeImporter/Content/SpeedTree9/SpeedTreeWindMotion.uexp" 342
"../../../Engine/Plugins/Editor/SpeedTreeImporter/Content/SpeedTree9/UnpackDirection.uasset" 343
"../../../Engine/Plugins/Editor/SpeedTreeImporter/Content/SpeedTree9/UnpackDirection.uexp" 344
"../../../Engine/Plugins/Editor/SpeedTreeImporter/Content/SpeedTree9/UnpackInteger3.uasset" 345
"../../../Engine/Plugins/Editor/SpeedTreeImporter/Content/SpeedTree9/UnpackInteger3.uexp" 346
"../../../Engine/Plugins/Editor/SpeedTreeImporter/Content/SpeedTree9/SpeedTreeBranchMotion.uasset" 347
"../../../Engine/Plugins/Editor/SpeedTreeImporter/Content/SpeedTree9/SpeedTreeBranchMotion.uexp" 348
"../../../Engine/Content/Functions/Engine_MaterialFunctions02/ObjectLocalBounds.uasset" 349
"../../../Engine/Content/Functions/Engine_MaterialFunctions02/ObjectLocalBounds.uexp" 350
"../../../Engine/Content/Functions/Engine_MaterialFunctions02/UVs/BoundingBoxBased_0-1_UVW.uasset" 351
"../../../Engine/Content/Functions/Engine_MaterialFunctions02/UVs/BoundingBoxBased_0-1_UVW.uexp" 352
"../../../Engine/Plugins/Editor/SpeedTreeImporter/Content/SpeedTree9/SpeedTreeWind.uasset" 353
"../../../Engine/Plugins/Editor/SpeedTreeImporter/Content/SpeedTree9/SpeedTreeWind.uexp" 354
"../../../Engine/Plugins/Editor/SpeedTreeImporter/Content/SpeedTree9/SpeedTreeBillboardMaster.uasset" 355
"../../../Engine/Plugins/Editor/SpeedTreeImporter/Content/SpeedTree9/SpeedTreeBillboardMaster.uexp" 356
"../../../Engine/Content/EditorResources/S_TriggerBox.uasset" 357
"../../../Engine/Content/EditorResources/S_TriggerBox.uexp" 358
"../../../Engine/Content/EditorResources/S_TriggerCapsule.uasset" 359
"../../../Engine/Content/EditorResources/S_TriggerCapsule.uexp" 360
"../../../Engine/Plugins/Animation/ControlRig/Content/Controls/ControlRig_Circle_solid.ubulk" 361
"../../../Engine/Plugins/Animation/ControlRig/Content/Controls/ControlRig_Circle_solid.uasset" 362
"../../../Engine/Plugins/Animation/ControlRig/Content/Controls/ControlRig_Circle_solid.uexp" 363
"../../../Engine/Plugins/Editor/SpeedTreeImporter/Content/SpeedTree9/SpeedTreeCameraFacing.uasset" 364
"../../../Engine/Plugins/Editor/SpeedTreeImporter/Content/SpeedTree9/SpeedTreeCameraFacing.uexp" 365
"../../../Engine/Plugins/Editor/SpeedTreeImporter/Content/SpeedTree9/SpeedTreeMaster.uasset" 366
"../../../Engine/Plugins/Editor/SpeedTreeImporter/Content/SpeedTree9/SpeedTreeMaster.uexp" 367
"../../../Engine/Content/EditorResources/S_TriggerSphere.uasset" 368
"../../../Engine/Content/EditorResources/S_TriggerSphere.uexp" 369
"../../../Engine/Plugins/Animation/ControlRig/Content/Controls/ControlRig_Diamond_1mm.ubulk" 370
"../../../Engine/Plugins/Animation/ControlRig/Content/Controls/ControlRig_Diamond_1mm.uasset" 371
"../../../Engine/Plugins/Animation/ControlRig/Content/Controls/ControlRig_Diamond_1mm.uexp" 372
"../../../Engine/Plugins/Animation/ControlRig/Content/Controls/ControlRig_Diamond_3mm.ubulk" 373
"../../../Engine/Plugins/Animation/ControlRig/Content/Controls/ControlRig_Diamond_3mm.uasset" 374
"../../../Engine/Plugins/Animation/ControlRig/Content/Controls/ControlRig_Diamond_3mm.uexp" 375
"../../../Engine/Plugins/Animation/ControlRig/Content/Controls/ControlRig_Diamond_solid.ubulk" 376
"../../../Engine/Plugins/Animation/ControlRig/Content/Controls/ControlRig_Diamond_solid.uasset" 377
"../../../Engine/Plugins/Animation/ControlRig/Content/Controls/ControlRig_Diamond_solid.uexp" 378
"../../../Engine/Plugins/Animation/ControlRig/Content/Controls/ControlRig_HalfCircle_1mm.ubulk" 379
"../../../Engine/Plugins/Animation/ControlRig/Content/Controls/ControlRig_HalfCircle_1mm.uasset" 380
"../../../Engine/Plugins/Animation/ControlRig/Content/Controls/ControlRig_HalfCircle_1mm.uexp" 381
"../../../Engine/Plugins/Animation/ControlRig/Content/Controls/ControlRig_HalfCircle_3mm.ubulk" 382
"../../../Engine/Plugins/Animation/ControlRig/Content/Controls/ControlRig_HalfCircle_3mm.uasset" 383
"../../../Engine/Plugins/Animation/ControlRig/Content/Controls/ControlRig_HalfCircle_3mm.uexp" 384
"../../../Engine/Plugins/Animation/ControlRig/Content/Controls/ControlRig_HalfCircle_solid.ubulk" 385
"../../../Engine/Plugins/Animation/ControlRig/Content/Controls/ControlRig_HalfCircle_solid.uasset" 386
"../../../Engine/Plugins/Animation/ControlRig/Content/Controls/ControlRig_HalfCircle_solid.uexp" 387
"../../../Engine/Plugins/Animation/ControlRig/Content/Controls/ControlRig_Hexagon_1mm.ubulk" 388
"../../../Engine/Plugins/Animation/ControlRig/Content/Controls/ControlRig_Hexagon_1mm.uasset" 389
"../../../Engine/Plugins/Animation/ControlRig/Content/Controls/ControlRig_Hexagon_1mm.uexp" 390
"../../../Engine/Plugins/Animation/ControlRig/Content/Controls/ControlRig_Hexagon_3mm.ubulk" 391
"../../../Engine/Plugins/Animation/ControlRig/Content/Controls/ControlRig_Hexagon_3mm.uasset" 392
"../../../Engine/Plugins/Animation/ControlRig/Content/Controls/ControlRig_Hexagon_3mm.uexp" 393
"../../../Engine/Plugins/Animation/ControlRig/Content/Controls/ControlRig_Hexagon_solid.ubulk" 394
"../../../Engine/Plugins/Animation/ControlRig/Content/Controls/ControlRig_Hexagon_solid.uasset" 395
"../../../Engine/Plugins/Animation/ControlRig/Content/Controls/ControlRig_Hexagon_solid.uexp" 396
"../../../Engine/Plugins/Animation/ControlRig/Content/Controls/ControlRig_Octagon_1mm.ubulk" 397
"../../../Engine/Plugins/Animation/ControlRig/Content/Controls/ControlRig_Octagon_1mm.uasset" 398
"../../../Engine/Plugins/Animation/ControlRig/Content/Controls/ControlRig_Octagon_1mm.uexp" 399
"../../../Engine/Plugins/Animation/ControlRig/Content/Controls/ControlRig_Octagon_3mm.ubulk" 400
"../../../Engine/Plugins/Animation/ControlRig/Content/Controls/ControlRig_Octagon_3mm.uasset" 401
"../../../Engine/Plugins/Animation/ControlRig/Content/Controls/ControlRig_Octagon_3mm.uexp" 402
"../../../Engine/Plugins/Animation/ControlRig/Content/Controls/ControlRig_Octagon_solid.ubulk" 403
"../../../Engine/Plugins/Animation/ControlRig/Content/Controls/ControlRig_Octagon_solid.uasset" 404
"../../../Engine/Plugins/Animation/ControlRig/Content/Controls/ControlRig_Octagon_solid.uexp" 405
"../../../Engine/Content/EngineMaterials/MiniFont.uasset" 406
"../../../Engine/Content/EngineMaterials/MiniFont.uexp" 407
"../../../Engine/Content/EngineMaterials/InvalidLightmapSettings.ubulk" 408
"../../../Engine/Content/EngineMaterials/InvalidLightmapSettings.uasset" 409
"../../../Engine/Content/EngineMaterials/InvalidLightmapSettings.uexp" 410
"../../../Engine/Content/EngineMaterials/M_InvalidLightmapSettings.uasset" 411
"../../../Engine/Content/EngineMaterials/M_InvalidLightmapSettings.uexp" 412
"../../../Engine/Content/EngineMaterials/NaniteHiddenSectionMaterial.uasset" 413
"../../../Engine/Content/EngineMaterials/NaniteHiddenSectionMaterial.uexp" 414
"../../../Engine/Content/Functions/Engine_MaterialFunctions02/WorldPositionOffset/CameraOffset.uasset" 415
"../../../Engine/Content/Functions/Engine_MaterialFunctions02/WorldPositionOffset/CameraOffset.uexp" 416
"../../../Engine/Content/EngineMaterials/PhAT_JointLimitMaterial.uasset" 417
"../../../Engine/Content/EngineMaterials/PhAT_JointLimitMaterial.uexp" 418
"../../../Engine/Content/Functions/Engine_MaterialFunctions02/Utility/CameraDirectionVector.uasset" 419
"../../../Engine/Content/Functions/Engine_MaterialFunctions02/Utility/CameraDirectionVector.uexp" 420
"../../../Engine/Plugins/Experimental/MeshModelingToolsetExp/Content/Materials/GetDisplacementVectorForDepthBias.uasset" 421
"../../../Engine/Plugins/Experimental/MeshModelingToolsetExp/Content/Materials/GetDisplacementVectorForDepthBias.uexp" 422
"../../../Engine/Content/Functions/Engine_MaterialFunctions03/Viewport/MF_OrthoWidth.uasset" 423
"../../../Engine/Content/Functions/Engine_MaterialFunctions03/Viewport/MF_OrthoWidth.uexp" 424
"../../../Engine/Content/Functions/Engine_MaterialFunctions02/Utility/FOV.uasset" 425
"../../../Engine/Content/Functions/Engine_MaterialFunctions02/Utility/FOV.uexp" 426
"../../../Engine/Content/Functions/Engine_MaterialFunctions02/WorldPositionOffset/V2/ObjectScale.uasset" 427
"../../../Engine/Content/Functions/Engine_MaterialFunctions02/WorldPositionOffset/V2/ObjectScale.uexp" 428
"../../../Engine/Plugins/Experimental/MeshModelingToolsetExp/Content/Materials/PointSetOverlaidComponentMaterial.uasset" 429
"../../../Engine/Plugins/Experimental/MeshModelingToolsetExp/Content/Materials/PointSetOverlaidComponentMaterial.uexp" 430
"../../../Engine/Content/EngineMaterials/DefaultCalibrationColor.uasset" 431
"../../../Engine/Content/EngineMaterials/DefaultCalibrationColor.uexp" 432
"../../../Engine/Content/EngineMaterials/PPM_DefaultCalibrationColor.uasset" 433
"../../../Engine/Content/EngineMaterials/PPM_DefaultCalibrationColor.uexp" 434
"../../../Engine/Content/EngineMaterials/DefaultCalibrationGrayscale.uasset" 435
"../../../Engine/Content/EngineMaterials/DefaultCalibrationGrayscale.uexp" 436
"../../../Engine/Content/EngineMaterials/PPM_DefaultCalibrationGrayscale.uasset" 437
"../../../Engine/Content/EngineMaterials/PPM_DefaultCalibrationGrayscale.uexp" 438
"../../../Engine/Content/EngineMaterials/PreintegratedSkinBRDF.uasset" 439
"../../../Engine/Content/EngineMaterials/PreintegratedSkinBRDF.uexp" 440
"../../../Engine/Content/EngineMaterials/RemoveSurfaceMaterial.uasset" 441
"../../../Engine/Content/EngineMaterials/RemoveSurfaceMaterial.uexp" 442
"../../../Engine/Plugins/Animation/ControlRig/Content/Controls/ControlRig_Pyramid_1mm.ubulk" 443
"../../../Engine/Plugins/Animation/ControlRig/Content/Controls/ControlRig_Pyramid_1mm.uasset" 444
"../../../Engine/Plugins/Animation/ControlRig/Content/Controls/ControlRig_Pyramid_1mm.uexp" 445
"../../../Engine/Plugins/Interchange/Assets/Content/Functions/MX_SubsurfaceBSDF.uasset" 446
"../../../Engine/Plugins/Interchange/Assets/Content/Functions/MX_SubsurfaceBSDF.uexp" 447
"../../../Engine/Plugins/Animation/ControlRig/Content/Controls/ControlRig_Pyramid_3mm.ubulk" 448
"../../../Engine/Plugins/Animation/ControlRig/Content/Controls/ControlRig_Pyramid_3mm.uasset" 449
"../../../Engine/Plugins/Animation/ControlRig/Content/Controls/ControlRig_Pyramid_3mm.uexp" 450
"../../../Engine/Content/EngineMaterials/SMAAAreaTex.uasset" 451
"../../../Engine/Content/EngineMaterials/SMAAAreaTex.uexp" 452
"../../../Engine/Plugins/Interchange/Assets/Content/Functions/MX_Surface.uasset" 453
"../../../Engine/Plugins/Interchange/Assets/Content/Functions/MX_Surface.uexp" 454
"../../../Engine/Plugins/Animation/ControlRig/Content/Controls/ControlRig_Pyramid_solid.ubulk" 455
"../../../Engine/Plugins/Animation/ControlRig/Content/Controls/ControlRig_Pyramid_solid.uasset" 456
"../../../Engine/Plugins/Animation/ControlRig/Content/Controls/ControlRig_Pyramid_solid.uexp" 457
"../../../Engine/Content/EngineMaterials/SMAASearchTex.uasset" 458
"../../../Engine/Content/EngineMaterials/SMAASearchTex.uexp" 459
"../../../Engine/Plugins/Interchange/Assets/Content/Functions/MX_SurfaceUnlit.uasset" 460
"../../../Engine/Plugins/Interchange/Assets/Content/Functions/MX_SurfaceUnlit.uexp" 461
"../../../Engine/Plugins/2D/Paper2D/Content/DefaultSpriteMaterial.uasset" 462
"../../../Engine/Plugins/2D/Paper2D/Content/DefaultSpriteMaterial.uexp" 463
"../../../Engine/Plugins/2D/Paper2D/Content/MaskedUnlitSpriteMaterial.uasset" 464
"../../../Engine/Plugins/2D/Paper2D/Content/MaskedUnlitSpriteMaterial.uexp" 465
"../../../Engine/Plugins/Animation/ControlRig/Content/Controls/ControlRig_QuarterCircle_1mm.ubulk" 466
"../../../Engine/Plugins/Animation/ControlRig/Content/Controls/ControlRig_QuarterCircle_1mm.uasset" 467
"../../../Engine/Plugins/Animation/ControlRig/Content/Controls/ControlRig_QuarterCircle_1mm.uexp" 468
"../../../Engine/Plugins/2D/Paper2D/Content/OpaqueUnlitSpriteMaterial.uasset" 469
"../../../Engine/Plugins/2D/Paper2D/Content/OpaqueUnlitSpriteMaterial.uexp" 470
"../../../Engine/Plugins/Animation/ControlRig/Content/Controls/ControlRig_QuarterCircle_3mm.ubulk" 471
"../../../Engine/Plugins/Animation/ControlRig/Content/Controls/ControlRig_QuarterCircle_3mm.uasset" 472
"../../../Engine/Plugins/Animation/ControlRig/Content/Controls/ControlRig_QuarterCircle_3mm.uexp" 473
"../../../Engine/Plugins/Interchange/Assets/Content/Functions/MX_TranslucentBSDF.uasset" 474
"../../../Engine/Plugins/Interchange/Assets/Content/Functions/MX_TranslucentBSDF.uexp" 475
"../../../Engine/Plugins/Animation/ControlRig/Content/M_Manip.uasset" 476
"../../../Engine/Plugins/Animation/ControlRig/Content/M_Manip.uexp" 477
"../../../Engine/Plugins/Animation/ControlRig/Content/Controls/ControlRig_QuarterCircle_solid.ubulk" 478
"../../../Engine/Plugins/Animation/ControlRig/Content/Controls/ControlRig_QuarterCircle_solid.uasset" 479
"../../../Engine/Plugins/Animation/ControlRig/Content/Controls/ControlRig_QuarterCircle_solid.uexp" 480
"../../../Engine/Plugins/Interchange/Assets/Content/Functions/MX_UniformEDF.uasset" 481
"../../../Engine/Plugins/Interchange/Assets/Content/Functions/MX_UniformEDF.uexp" 482
"../../../Engine/Plugins/Interchange/Assets/Content/Functions/MX_UsdPreviewSurface.uasset" 483
"../../../Engine/Plugins/Interchange/Assets/Content/Functions/MX_UsdPreviewSurface.uexp" 484
"../../../Engine/Plugins/Animation/ControlRig/Content/Controls/ControlRig_RoundedSquare_1mm.ubulk" 485
"../../../Engine/Plugins/Animation/ControlRig/Content/Controls/ControlRig_RoundedSquare_1mm.uasset" 486
"../../../Engine/Plugins/Animation/ControlRig/Content/Controls/ControlRig_RoundedSquare_1mm.uexp" 487
"../../../Engine/Plugins/Animation/ControlRig/Content/Controls/ControlRig_RoundedSquare_3mm.ubulk" 488
"../../../Engine/Plugins/Animation/ControlRig/Content/Controls/ControlRig_RoundedSquare_3mm.uasset" 489
"../../../Engine/Plugins/Animation/ControlRig/Content/Controls/ControlRig_RoundedSquare_3mm.uexp" 490
"../../../Engine/Plugins/Animation/ControlRig/Content/Controls/ControlRig_RoundedSquare_solid.ubulk" 491
"../../../Engine/Plugins/Animation/ControlRig/Content/Controls/ControlRig_RoundedSquare_solid.uasset" 492
"../../../Engine/Plugins/Animation/ControlRig/Content/Controls/ControlRig_RoundedSquare_solid.uexp" 493
"../../../Engine/Plugins/Animation/ControlRig/Content/Controls/ControlRig_RoundedTriangle_1mm.ubulk" 494
"../../../Engine/Plugins/Animation/ControlRig/Content/Controls/ControlRig_RoundedTriangle_1mm.uasset" 495
"../../../Engine/Plugins/Animation/ControlRig/Content/Controls/ControlRig_RoundedTriangle_1mm.uexp" 496
"../../../Engine/Plugins/Animation/ControlRig/Content/Controls/ControlRig_RoundedTriangle_3mm.ubulk" 497
"../../../Engine/Plugins/Animation/ControlRig/Content/Controls/ControlRig_RoundedTriangle_3mm.uasset" 498
"../../../Engine/Plugins/Animation/ControlRig/Content/Controls/ControlRig_RoundedTriangle_3mm.uexp" 499
"../../../Engine/Plugins/Animation/ControlRig/Content/Controls/ControlRig_RoundedTriangle_solid.ubulk" 500
"../../../Engine/Plugins/Animation/ControlRig/Content/Controls/ControlRig_RoundedTriangle_solid.uasset" 501
"../../../Engine/Plugins/Animation/ControlRig/Content/Controls/ControlRig_RoundedTriangle_solid.uexp" 502
"../../../Engine/Plugins/Interchange/Assets/Content/Functions/MX_AbsorptionVDF.uasset" 503
"../../../Engine/Plugins/Interchange/Assets/Content/Functions/MX_AbsorptionVDF.uexp" 504
"../../../Engine/Plugins/Animation/ControlRig/Content/Controls/ControlRig_Sphere_1mm.ubulk" 505
"../../../Engine/Plugins/Animation/ControlRig/Content/Controls/ControlRig_Sphere_1mm.uasset" 506
"../../../Engine/Plugins/Animation/ControlRig/Content/Controls/ControlRig_Sphere_1mm.uexp" 507
"../../../Engine/Plugins/Animation/ControlRig/Content/Controls/ControlRig_Sphere_3mm.ubulk" 508
"../../../Engine/Plugins/Animation/ControlRig/Content/Controls/ControlRig_Sphere_3mm.uasset" 509
"../../../Engine/Plugins/Animation/ControlRig/Content/Controls/ControlRig_Sphere_3mm.uexp" 510
"../../../Engine/Content/EngineMaterials/WeightMapPlaceholderTexture.uasset" 511
"../../../Engine/Content/EngineMaterials/WeightMapPlaceholderTexture.uexp" 512
"../../../Engine/Content/EngineMaterials/WeightMapArrayPlaceholderTexture.uasset" 513
"../../../Engine/Content/EngineMaterials/WeightMapArrayPlaceholderTexture.uexp" 514
"../../../Engine/Plugins/Animation/ControlRig/Content/Controls/ControlRig_Sphere_solid.ubulk" 515
"../../../Engine/Plugins/Animation/ControlRig/Content/Controls/ControlRig_Sphere_solid.uasset" 516
"../../../Engine/Plugins/Animation/ControlRig/Content/Controls/ControlRig_Sphere_solid.uexp" 517
"../../../Engine/Plugins/Interchange/Assets/Content/Functions/MX_AnisotropicVDF.uasset" 518
"../../../Engine/Plugins/Interchange/Assets/Content/Functions/MX_AnisotropicVDF.uexp" 519
"../../../Engine/Plugins/Animation/ControlRig/Content/Controls/ControlRig_Square_1mm.ubulk" 520
"../../../Engine/Plugins/Animation/ControlRig/Content/Controls/ControlRig_Square_1mm.uasset" 521
"../../../Engine/Plugins/Animation/ControlRig/Content/Controls/ControlRig_Square_1mm.uexp" 522
"../../../Engine/Plugins/Interchange/Assets/Content/Functions/MX_BurleyDiffuseBSDF.uasset" 523
"../../../Engine/Plugins/Interchange/Assets/Content/Functions/MX_BurleyDiffuseBSDF.uexp" 524
"../../../Engine/Content/EngineResources/WhiteSquareTexture.uasset" 525
"../../../Engine/Content/EngineResources/WhiteSquareTexture.uexp" 526
"../../../Engine/Content/EngineMaterials/Widget3DPassThrough.uasset" 527
"../../../Engine/Content/EngineMaterials/Widget3DPassThrough.uexp" 528
"../../../Engine/Content/EngineMaterials/Widget3DPassThrough_Masked.uasset" 529
"../../../Engine/Content/EngineMaterials/Widget3DPassThrough_Masked.uexp" 530
"../../../Engine/Content/EngineMaterials/Widget3DPassThrough_Opaque.uasset" 531
"../../../Engine/Content/EngineMaterials/Widget3DPassThrough_Opaque.uexp" 532
"../../../Engine/Content/EngineMaterials/Widget3DPassThrough_Masked_OneSided.uasset" 533
"../../../Engine/Content/EngineMaterials/Widget3DPassThrough_Masked_OneSided.uexp" 534
"../../../Engine/Plugins/Animation/ControlRig/Content/Controls/ControlRig_Square_3mm.ubulk" 535
"../../../Engine/Plugins/Animation/ControlRig/Content/Controls/ControlRig_Square_3mm.uasset" 536
"../../../Engine/Plugins/Animation/ControlRig/Content/Controls/ControlRig_Square_3mm.uexp" 537
"../../../Engine/Plugins/Interchange/Assets/Content/Functions/MX_ChiangHairBSDF.uasset" 538
"../../../Engine/Plugins/Interchange/Assets/Content/Functions/MX_ChiangHairBSDF.uexp" 539
"../../../Engine/Content/EngineMaterials/Widget3DPassThrough_Opaque_OneSided.uasset" 540
"../../../Engine/Content/EngineMaterials/Widget3DPassThrough_Opaque_OneSided.uexp" 541
"../../../Engine/Content/EngineMaterials/Widget3DPassThrough_Translucent.uasset" 542
"../../../Engine/Content/EngineMaterials/Widget3DPassThrough_Translucent.uexp" 543
"../../../Engine/Content/EngineMaterials/Widget3DPassThrough_Translucent_OneSided.uasset" 544
"../../../Engine/Content/EngineMaterials/Widget3DPassThrough_Translucent_OneSided.uexp" 545
"../../../Engine/Plugins/Animation/ControlRig/Content/Controls/ControlRig_Square_solid.ubulk" 546
"../../../Engine/Plugins/Animation/ControlRig/Content/Controls/ControlRig_Square_solid.uasset" 547
"../../../Engine/Plugins/Animation/ControlRig/Content/Controls/ControlRig_Square_solid.uexp" 548
"../../../Engine/Plugins/Interchange/Assets/Content/Functions/MX_ConductorBSDF.uasset" 549
"../../../Engine/Plugins/Interchange/Assets/Content/Functions/MX_ConductorBSDF.uexp" 550
"../../../Engine/Plugins/Interchange/Assets/Content/Functions/MX_ConicalEDF.uasset" 551
"../../../Engine/Plugins/Interchange/Assets/Content/Functions/MX_ConicalEDF.uexp" 552
"../../../Engine/Plugins/Animation/ControlRig/Content/Controls/ControlRig_Star4_1mm.ubulk" 553
"../../../Engine/Plugins/Animation/ControlRig/Content/Controls/ControlRig_Star4_1mm.uasset" 554
"../../../Engine/Plugins/Animation/ControlRig/Content/Controls/ControlRig_Star4_1mm.uexp" 555
"../../../Engine/Plugins/Runtime/AudioWidgets/Content/Resources/ScrubHandleDown_Clamped.uasset" 556
"../../../Engine/Plugins/Runtime/AudioWidgets/Content/Resources/ScrubHandleDown_Clamped.uexp" 557
"../../../Engine/Plugins/Interchange/Assets/Content/Functions/MX_DielectricBSDF.uasset" 558
"../../../Engine/Plugins/Interchange/Assets/Content/Functions/MX_DielectricBSDF.uexp" 559
"../../../Engine/Plugins/Animation/ControlRig/Content/Controls/ControlRig_Star4_3mm.ubulk" 560
"../../../Engine/Plugins/Animation/ControlRig/Content/Controls/ControlRig_Star4_3mm.uasset" 561
"../../../Engine/Plugins/Animation/ControlRig/Content/Controls/ControlRig_Star4_3mm.uexp" 562
"../../../Engine/Plugins/Interchange/Assets/Content/Functions/MX_Displacement.uasset" 563
"../../../Engine/Plugins/Interchange/Assets/Content/Functions/MX_Displacement.uexp" 564
"../../../Engine/Plugins/Interchange/Assets/Content/Functions/MX_GeneralizedSchlickBSDF.uasset" 565
"../../../Engine/Plugins/Interchange/Assets/Content/Functions/MX_GeneralizedSchlickBSDF.uexp" 566
"../../../Engine/Plugins/Animation/ControlRig/Content/Controls/ControlRig_Star4_solid.ubulk" 567
"../../../Engine/Plugins/Animation/ControlRig/Content/Controls/ControlRig_Star4_solid.uasset" 568
"../../../Engine/Plugins/Animation/ControlRig/Content/Controls/ControlRig_Star4_solid.uexp" 569
"../../../Engine/Plugins/Animation/ControlRig/Content/Controls/ControlRig_Triangle_1mm.ubulk" 570
"../../../Engine/Plugins/Animation/ControlRig/Content/Controls/ControlRig_Triangle_1mm.uasset" 571
"../../../Engine/Plugins/Animation/ControlRig/Content/Controls/ControlRig_Triangle_1mm.uexp" 572
"../../../Engine/Plugins/Animation/ControlRig/Content/Controls/ControlRig_Triangle_3mm.ubulk" 573
"../../../Engine/Plugins/Animation/ControlRig/Content/Controls/ControlRig_Triangle_3mm.uasset" 574
"../../../Engine/Plugins/Animation/ControlRig/Content/Controls/ControlRig_Triangle_3mm.uexp" 575
"../../../Engine/Plugins/Interchange/Assets/Content/Functions/MX_MeasuredEDF.uasset" 576
"../../../Engine/Plugins/Interchange/Assets/Content/Functions/MX_MeasuredEDF.uexp" 577
"../../../Engine/Plugins/Interchange/Assets/Content/Functions/MF_IridescenceNoLUT.uasset" 578
"../../../Engine/Plugins/Interchange/Assets/Content/Functions/MF_IridescenceNoLUT.uexp" 579
"../../../Engine/Plugins/Interchange/Assets/Content/Functions/MX_StandardSurface.uasset" 580
"../../../Engine/Plugins/Interchange/Assets/Content/Functions/MX_StandardSurface.uexp" 581
"../../../Engine/Plugins/Interchange/Assets/Content/Functions/MX_OpenPBR_Opaque.uasset" 582
"../../../Engine/Plugins/Interchange/Assets/Content/Functions/MX_OpenPBR_Opaque.uexp" 583
"../../../Engine/Plugins/Interchange/Assets/Content/Functions/MX_TransmissionSurface.uasset" 584
"../../../Engine/Plugins/Interchange/Assets/Content/Functions/MX_TransmissionSurface.uexp" 585
"../../../Engine/Plugins/Interchange/Assets/Content/Functions/MX_OpenPBR_Translucent.uasset" 586
"../../../Engine/Plugins/Interchange/Assets/Content/Functions/MX_OpenPBR_Translucent.uexp" 587
"../../../Engine/Plugins/Interchange/Assets/Content/Functions/MX_OrenNayarBSDF.uasset" 588
"../../../Engine/Plugins/Interchange/Assets/Content/Functions/MX_OrenNayarBSDF.uexp" 589
"../../../Engine/Plugins/Interchange/Assets/Content/Substrate/MX_SimpleVolume.uasset" 590
"../../../Engine/Plugins/Interchange/Assets/Content/Substrate/MX_SimpleVolume.uexp" 591
"../../../Engine/Content/EditorMaterials/ParticleSystems/PSysThumbnail_NoImage.ubulk" 592
"../../../Engine/Content/EditorMaterials/ParticleSystems/PSysThumbnail_NoImage.uasset" 593
"../../../Engine/Content/EditorMaterials/ParticleSystems/PSysThumbnail_NoImage.uexp" 594
"../../../Engine/Plugins/Runtime/HairStrands/Content/Materials/HairCardsDefaultMaterial.uasset" 595
"../../../Engine/Plugins/Runtime/HairStrands/Content/Materials/HairCardsDefaultMaterial.uexp" 596
"../../../Engine/Content/EditorMaterials/ParticleSystems/PSysThumbnail_OOD.ubulk" 597
"../../../Engine/Content/EditorMaterials/ParticleSystems/PSysThumbnail_OOD.uasset" 598
"../../../Engine/Content/EditorMaterials/ParticleSystems/PSysThumbnail_OOD.uexp" 599
"../../../Engine/Plugins/Interchange/Assets/Content/Functions/MX_SheenBSDF.uasset" 600
"../../../Engine/Plugins/Interchange/Assets/Content/Functions/MX_SheenBSDF.uexp" 601
"../../../Engine/Content/Functions/Engine_MaterialFunctions02/Utility/MakeFloat2.uasset" 602
"../../../Engine/Content/Functions/Engine_MaterialFunctions02/Utility/MakeFloat2.uexp" 603
"../../../Engine/Content/EngineMaterials/HairColorMap.uasset" 604
"../../../Engine/Content/EngineMaterials/HairColorMap.uexp" 605
"../../../Engine/Content/EngineMaterials/HairDebugColor.uasset" 606
"../../../Engine/Content/EngineMaterials/HairDebugColor.uexp" 607
"../../../Engine/Plugins/Runtime/HairStrands/Content/Materials/HairGroupColors.uasset" 608
"../../../Engine/Plugins/Runtime/HairStrands/Content/Materials/HairGroupColors.uexp" 609
"../../../Engine/Plugins/Runtime/HairStrands/Content/Materials/HairDebugMaterial.uasset" 610
"../../../Engine/Plugins/Runtime/HairStrands/Content/Materials/HairDebugMaterial.uexp" 611
"../../../Engine/Plugins/Runtime/HairStrands/Content/Materials/HairDefaultMaterial.uasset" 612
"../../../Engine/Plugins/Runtime/HairStrands/Content/Materials/HairDefaultMaterial.uexp" 613
"../../../Engine/Plugins/Runtime/HairStrands/Content/Materials/HairMeshesDefaultMaterial.uasset" 614
"../../../Engine/Plugins/Runtime/HairStrands/Content/Materials/HairMeshesDefaultMaterial.uexp" 615
"../../../Engine/Content/EditorMaterials/Camera/CineMat.uasset" 616
"../../../Engine/Content/EditorMaterials/Camera/CineMat.uexp" 617
"../../../Engine/Content/EditorMaterials/Camera/MI_CineMat_Rig.uasset" 618
"../../../Engine/Content/EditorMaterials/Camera/MI_CineMat_Rig.uexp" 619
"../../../Engine/Content/EditorMeshes/Camera/SM_CraneRig_Arm.ubulk" 620
"../../../Engine/Content/EditorMeshes/Camera/SM_CraneRig_Arm.uasset" 621
"../../../Engine/Content/EditorMeshes/Camera/SM_CraneRig_Arm.uexp" 622
"../../../Engine/Content/EditorMeshes/Camera/SM_CraneRig_Base.ubulk" 623
"../../../Engine/Content/EditorMeshes/Camera/SM_CraneRig_Base.uasset" 624
"../../../Engine/Content/EditorMeshes/Camera/SM_CraneRig_Base.uexp" 625
"../../../Engine/Content/EditorMeshes/Camera/SM_CraneRig_Body.ubulk" 626
"../../../Engine/Content/EditorMeshes/Camera/SM_CraneRig_Body.uasset" 627
"../../../Engine/Content/EditorMeshes/Camera/SM_CraneRig_Body.uexp" 628
"../../../Engine/Content/EngineMaterials/EnergyConservation/Diffuse_Energy.uasset" 629
"../../../Engine/Content/EngineMaterials/EnergyConservation/Diffuse_Energy.uexp" 630
"../../../Engine/Content/EngineMaterials/EnergyConservation/GGX_ReflectionEnergy.uasset" 631
"../../../Engine/Content/EngineMaterials/EnergyConservation/GGX_ReflectionEnergy.uexp" 632
"../../../Engine/Content/EngineMaterials/EnergyConservation/GGX_TransmissionEnergyArray.uasset" 633
"../../../Engine/Content/EngineMaterials/EnergyConservation/GGX_TransmissionEnergyArray.uexp" 634
"../../../Engine/Content/EngineMaterials/EnergyConservation/SheenLegacy_Energy.uasset" 635
"../../../Engine/Content/EngineMaterials/EnergyConservation/SheenLegacy_Energy.uexp" 636
"../../../Engine/Content/EngineMaterials/EnergyConservation/Sheen_Energy.uasset" 637
"../../../Engine/Content/EngineMaterials/EnergyConservation/Sheen_Energy.uexp" 638
"../../../Engine/Content/EngineMaterials/LTC/GGX_LTCAmp.uasset" 639
"../../../Engine/Content/EngineMaterials/LTC/GGX_LTCAmp.uexp" 640
"../../../Engine/Content/EngineMaterials/LTC/GGX_LTCMat.uasset" 641
"../../../Engine/Content/EngineMaterials/LTC/GGX_LTCMat.uexp" 642
"../../../Engine/Content/EngineMaterials/LTC/Sheen_LTC.uasset" 643
"../../../Engine/Content/EngineMaterials/LTC/Sheen_LTC.uexp" 644
"../../../Engine/Content/EngineResources/Development/ZenLogo_64.uasset" 645
"../../../Engine/Content/EngineResources/Development/ZenLogo_64.uexp" 646
"../../../Engine/Content/EngineResources/FilmGrains/Marcie_Grain_v3_128_M2_000.uasset" 647
"../../../Engine/Content/EngineResources/FilmGrains/Marcie_Grain_v3_128_M2_000.uexp" 648
"../../../Engine/Content/EditorMeshes/Camera/SM_CraneRig_Mount.ubulk" 649
"../../../Engine/Content/EditorMeshes/Camera/SM_CraneRig_Mount.uasset" 650
"../../../Engine/Content/EditorMeshes/Camera/SM_CraneRig_Mount.uexp" 651
"../../../Engine/Content/EditorMeshes/Camera/SM_RailRig_Mount.ubulk" 652
"../../../Engine/Content/EditorMeshes/Camera/SM_RailRig_Mount.uasset" 653
"../../../Engine/Content/EditorMeshes/Camera/SM_RailRig_Mount.uexp" 654
"../../../Engine/Content/EditorMeshes/Camera/SM_RailRig_Track.ubulk" 655
"../../../Engine/Content/EditorMeshes/Camera/SM_RailRig_Track.uasset" 656
"../../../Engine/Content/EditorMeshes/Camera/SM_RailRig_Track.uexp" 657
"../../../Engine/Content/EngineDamageTypes/DmgTypeBP_Environmental.uasset" 658
"../../../Engine/Content/EngineDamageTypes/DmgTypeBP_Environmental.uexp" 659
"../../../Engine/Content/EditorLandscapeResources/DefaultAlphaTexture.uasset" 660
"../../../Engine/Content/EditorLandscapeResources/DefaultAlphaTexture.uexp" 661
"../../../Engine/Content/EditorLandscapeResources/ColorMaskBrushMaterial.uasset" 662
"../../../Engine/Content/EditorLandscapeResources/ColorMaskBrushMaterial.uexp" 663
"../../../Engine/Content/EditorLandscapeResources/ColorMaskBrushMaterial_MaskedRegion.uasset" 664
"../../../Engine/Content/EditorLandscapeResources/ColorMaskBrushMaterial_MaskedRegion.uexp" 665
"../../../Engine/Content/EngineDebugMaterials/DebugEditorMaterial.uasset" 666
"../../../Engine/Content/EngineDebugMaterials/DebugEditorMaterial.uexp" 667
"../../../Engine/Content/EngineDebugMaterials/DebugMeshMaterial.uasset" 668
"../../../Engine/Content/EngineDebugMaterials/DebugMeshMaterial.uexp" 669
"../../../Engine/Content/EditorLandscapeResources/LandscapeDirtyMaterial.uasset" 670
"../../../Engine/Content/EditorLandscapeResources/LandscapeDirtyMaterial.uexp" 671
"../../../Engine/Content/Functions/Engine_MaterialFunctions01/Texturing/TextureCropping.uasset" 672
"../../../Engine/Content/Functions/Engine_MaterialFunctions01/Texturing/TextureCropping.uexp" 673
"../../../Engine/Content/Functions/Engine_MaterialFunctions02/ExampleContent/DebugNumberStrip.uasset" 674
"../../../Engine/Content/Functions/Engine_MaterialFunctions02/ExampleContent/DebugNumberStrip.uexp" 675
"../../../Engine/Content/Functions/Engine_MaterialFunctions01/Debug/DebugIntValues.uasset" 676
"../../../Engine/Content/Functions/Engine_MaterialFunctions01/Debug/DebugIntValues.uexp" 677
"../../../Engine/Content/Functions/Engine_MaterialFunctions01/Texturing/ScaleUVsByCenter.uasset" 678
"../../../Engine/Content/Functions/Engine_MaterialFunctions01/Texturing/ScaleUVsByCenter.uexp" 679
"../../../Engine/Content/Functions/Engine_MaterialFunctions02/WorldPositionOffset/LocalPosition.uasset" 680
"../../../Engine/Content/Functions/Engine_MaterialFunctions02/WorldPositionOffset/LocalPosition.uexp" 681
"../../../Engine/Content/EditorLandscapeResources/LandscapeLayerUsageMaterial.uasset" 682
"../../../Engine/Content/EditorLandscapeResources/LandscapeLayerUsageMaterial.uexp" 683
"../../../Engine/Content/EditorLandscapeResources/WhiteSquareTexture.uasset" 684
"../../../Engine/Content/EditorLandscapeResources/WhiteSquareTexture.uexp" 685
"../../../Engine/Content/EditorLandscapeResources/LayerVisMaterial.uasset" 686
"../../../Engine/Content/EditorLandscapeResources/LayerVisMaterial.uexp" 687
"../../../Engine/Content/Functions/Engine_MaterialFunctions03/Math/WithinRangeFloat2.uasset" 688
"../../../Engine/Content/Functions/Engine_MaterialFunctions03/Math/WithinRangeFloat2.uexp" 689
"../../../Engine/Content/EditorLandscapeResources/MaskBrushMaterial.uasset" 690
"../../../Engine/Content/EditorLandscapeResources/MaskBrushMaterial.uexp" 691
"../../../Engine/Content/EditorLandscapeResources/MaskBrushMaterial_MaskedRegion.uasset" 692
"../../../Engine/Content/EditorLandscapeResources/MaskBrushMaterial_MaskedRegion.uexp" 693
"../../../Engine/Content/EngineDebugMaterials/M_SimpleUnlitTranslucent.uasset" 694
"../../../Engine/Content/EngineDebugMaterials/M_SimpleUnlitTranslucent.uexp" 695
"../../../Engine/Content/VREditor/TransformGizmo/BoundingBoxCorner.ubulk" 696
"../../../Engine/Content/VREditor/TransformGizmo/BoundingBoxCorner.uasset" 697
"../../../Engine/Content/VREditor/TransformGizmo/BoundingBoxCorner.uexp" 698
"../../../Engine/Content/EngineDebugMaterials/VolumeToRender.uasset" 699
"../../../Engine/Content/EngineDebugMaterials/VolumeToRender.uexp" 700
"../../../Engine/Content/EngineDebugMaterials/M_VolumeRenderSphereTracePP.uasset" 701
"../../../Engine/Content/EngineDebugMaterials/M_VolumeRenderSphereTracePP.uexp" 702
"../../../Engine/Content/EditorLandscapeResources/SelectBrushMaterial.uasset" 703
"../../../Engine/Content/EditorLandscapeResources/SelectBrushMaterial.uexp" 704
"../../../Engine/Content/EditorLandscapeResources/SelectBrushMaterial_Selected.uasset" 705
"../../../Engine/Content/EditorLandscapeResources/SelectBrushMaterial_Selected.uexp" 706
"../../../Engine/Content/VREditor/TransformGizmo/BoundingBoxEdge.ubulk" 707
"../../../Engine/Content/VREditor/TransformGizmo/BoundingBoxEdge.uasset" 708
"../../../Engine/Content/VREditor/TransformGizmo/BoundingBoxEdge.uexp" 709
"../../../Engine/Content/EditorLandscapeResources/SelectBrushMaterial_SelectedRegion.uasset" 710
"../../../Engine/Content/EditorLandscapeResources/SelectBrushMaterial_SelectedRegion.uexp" 711
"../../../Engine/Content/EditorLandscapeResources/SplineEditorMeshMat.uasset" 712
"../../../Engine/Content/EditorLandscapeResources/SplineEditorMeshMat.uexp" 713
"../../../Engine/Content/EditorLandscapeResources/SplineEditorMesh.ubulk" 714
"../../../Engine/Content/EditorLandscapeResources/SplineEditorMesh.uasset" 715
"../../../Engine/Content/EditorLandscapeResources/SplineEditorMesh.uexp" 716
"../../../Engine/Content/EditorResources/SequenceRecorder/Countdown.uasset" 717
"../../../Engine/Content/EditorResources/SequenceRecorder/Countdown.uexp" 718
"../../../Engine/Content/EditorResources/SequenceRecorder/RecordingIndicator.uasset" 719
"../../../Engine/Content/EditorResources/SequenceRecorder/RecordingIndicator.uexp" 720
"../../../Engine/Content/EditorMaterials/PhAT_NoCollisionMaterial.uasset" 721
"../../../Engine/Content/EditorMaterials/PhAT_NoCollisionMaterial.uexp" 722
"../../../Engine/Content/EditorMaterials/PhAT_UnselectedMaterial.uasset" 723
"../../../Engine/Content/EditorMaterials/PhAT_UnselectedMaterial.uexp" 724
"../../../Engine/Content/EditorMaterials/PreviewShadowIndicator.ubulk" 725
"../../../Engine/Content/EditorMaterials/PreviewShadowIndicator.uasset" 726
"../../../Engine/Content/EditorMaterials/PreviewShadowIndicator.uexp" 727
"../../../Engine/Content/EditorMaterials/PreviewShadowIndicatorMaterial.uasset" 728
"../../../Engine/Content/EditorMaterials/PreviewShadowIndicatorMaterial.uexp" 729
"../../../Engine/Content/EngineMaterials/DefaultBloomKernel.uasset" 730
"../../../Engine/Content/EngineMaterials/DefaultBloomKernel.uexp" 731
"../../../Engine/Content/EngineMaterials/DefaultBokeh.uasset" 732
"../../../Engine/Content/EngineMaterials/DefaultBokeh.uexp" 733
"../../../Engine/Content/EngineMaterials/DefaultDeferredDecalMaterial.uasset" 734
"../../../Engine/Content/EngineMaterials/DefaultDeferredDecalMaterial.uexp" 735
"../../../Engine/Content/EngineMaterials/DefaultLightFunctionMaterial.uasset" 736
"../../../Engine/Content/EngineMaterials/DefaultLightFunctionMaterial.uexp" 737
"../../../Engine/Plugins/Interchange/Runtime/Content/Pipelines/DefaultAssetsPipeline.uasset" 738
"../../../Engine/Plugins/Interchange/Runtime/Content/Pipelines/DefaultAssetsPipeline.uexp" 739
"../../../Engine/Plugins/Interchange/Runtime/Content/Pipelines/DefaultAudioPipeline.uasset" 740
"../../../Engine/Plugins/Interchange/Runtime/Content/Pipelines/DefaultAudioPipeline.uexp" 741
"../../../Engine/Plugins/Interchange/Runtime/Content/Pipelines/DefaultGLTFAssetsPipeline.uasset" 742
"../../../Engine/Plugins/Interchange/Runtime/Content/Pipelines/DefaultGLTFAssetsPipeline.uexp" 743
"../../../Engine/Plugins/Interchange/Runtime/Content/Pipelines/DefaultGLTFPipeline.uasset" 744
"../../../Engine/Plugins/Interchange/Runtime/Content/Pipelines/DefaultGLTFPipeline.uexp" 745
"../../../Engine/Plugins/Interchange/Runtime/Content/Pipelines/DefaultGLTFSceneAssetsPipeline.uasset" 746
"../../../Engine/Plugins/Interchange/Runtime/Content/Pipelines/DefaultGLTFSceneAssetsPipeline.uexp" 747
"../../../Engine/Plugins/Interchange/Runtime/Content/Pipelines/DefaultMaterialPipeline.uasset" 748
"../../../Engine/Plugins/Interchange/Runtime/Content/Pipelines/DefaultMaterialPipeline.uexp" 749
"../../../Engine/Plugins/Interchange/Runtime/Content/Pipelines/DefaultMaterialXPipeline.uasset" 750
"../../../Engine/Plugins/Interchange/Runtime/Content/Pipelines/DefaultMaterialXPipeline.uexp" 751
"../../../Engine/Plugins/Interchange/Runtime/Content/Pipelines/DefaultSceneAssetsPipeline.uasset" 752
"../../../Engine/Plugins/Interchange/Runtime/Content/Pipelines/DefaultSceneAssetsPipeline.uexp" 753
"../../../Engine/Plugins/Interchange/Runtime/Content/Pipelines/DefaultSceneLevelPipeline.uasset" 754
"../../../Engine/Plugins/Interchange/Runtime/Content/Pipelines/DefaultSceneLevelPipeline.uexp" 755
"../../../Engine/Plugins/Interchange/Runtime/Content/Pipelines/DefaultTexturePipeline.uasset" 756
"../../../Engine/Plugins/Interchange/Runtime/Content/Pipelines/DefaultTexturePipeline.uexp" 757
"../../../Engine/Content/EditorMaterials/Dataflow/DataflowTwoSidedVertexMaterial.uasset" 758
"../../../Engine/Content/EditorMaterials/Dataflow/DataflowTwoSidedVertexMaterial.uexp" 759
"../../../Engine/Content/EditorMaterials/Dataflow/DataflowVertexMaterial.uasset" 760
"../../../Engine/Content/EditorMaterials/Dataflow/DataflowVertexMaterial.uexp" 761
"../../../Engine/Content/Functions/Engine_MaterialFunctions01/Texturing/FlattenNormal.uasset" 762
"../../../Engine/Content/Functions/Engine_MaterialFunctions01/Texturing/FlattenNormal.uexp" 763
"../../../Engine/Plugins/Interchange/Assets/Content/Utilities/New_LUT.uasset" 764
"../../../Engine/Plugins/Interchange/Assets/Content/Utilities/New_LUT.uexp" 765
"../../../Engine/Content/Functions/Engine_MaterialFunctions03/Math/RemapValueRange.uasset" 766
"../../../Engine/Content/Functions/Engine_MaterialFunctions03/Math/RemapValueRange.uexp" 767
"../../../Engine/Plugins/Interchange/Assets/Content/Functions/MF_Iridescence.uasset" 768
"../../../Engine/Plugins/Interchange/Assets/Content/Functions/MF_Iridescence.uexp" 769
"../../../Engine/Plugins/Interchange/Assets/Content/gltf/Textures/T_White_srgb.uasset" 770
"../../../Engine/Plugins/Interchange/Assets/Content/gltf/Textures/T_White_srgb.uexp" 771
"../../../Engine/Plugins/Interchange/Assets/Content/gltf/MaterialFunctions/MF_BaseColor.uasset" 772
"../../../Engine/Plugins/Interchange/Assets/Content/gltf/MaterialFunctions/MF_BaseColor.uexp" 773
"../../../Engine/Plugins/Interchange/Assets/Content/gltf/MaterialFunctions/MF_RotateNormals_TS.uasset" 774
"../../../Engine/Plugins/Interchange/Assets/Content/gltf/MaterialFunctions/MF_RotateNormals_TS.uexp" 775
"../../../Engine/Plugins/Interchange/Assets/Content/gltf/Textures/T_Generic_N.uasset" 776
"../../../Engine/Plugins/Interchange/Assets/Content/gltf/Textures/T_Generic_N.uexp" 777
"../../../Engine/Plugins/Interchange/Assets/Content/gltf/Textures/T_White_Linear.uasset" 778
"../../../Engine/Plugins/Interchange/Assets/Content/gltf/Textures/T_White_Linear.uexp" 779
"../../../Engine/Plugins/Interchange/Assets/Content/gltf/MaterialFunctions/MF_Clearcoat.uasset" 780
"../../../Engine/Plugins/Interchange/Assets/Content/gltf/MaterialFunctions/MF_Clearcoat.uexp" 781
"../../../Engine/Plugins/Interchange/Assets/Content/gltf/MaterialFunctions/MF_Emissive.uasset" 782
"../../../Engine/Plugins/Interchange/Assets/Content/gltf/MaterialFunctions/MF_Emissive.uexp" 783
"../../../Engine/Plugins/Interchange/Assets/Content/gltf/MaterialFunctions/MF_IOR.uasset" 784
"../../../Engine/Plugins/Interchange/Assets/Content/gltf/MaterialFunctions/MF_IOR.uexp" 785
"../../../Engine/Plugins/Interchange/Assets/Content/gltf/MaterialFunctions/MF_Iridescence.uasset" 786
"../../../Engine/Plugins/Interchange/Assets/Content/gltf/MaterialFunctions/MF_Iridescence.uexp" 787
"../../../Engine/Plugins/Interchange/Assets/Content/gltf/MaterialFunctions/MF_MetallicRoughness.uasset" 788
"../../../Engine/Plugins/Interchange/Assets/Content/gltf/MaterialFunctions/MF_MetallicRoughness.uexp" 789
"../../../Engine/Plugins/Interchange/Assets/Content/gltf/MaterialFunctions/MF_ScaleNormal.uasset" 790
"../../../Engine/Plugins/Interchange/Assets/Content/gltf/MaterialFunctions/MF_ScaleNormal.uexp" 791
"../../../Engine/Plugins/Interchange/Assets/Content/gltf/MaterialFunctions/MF_Normals.uasset" 792
"../../../Engine/Plugins/Interchange/Assets/Content/gltf/MaterialFunctions/MF_Normals.uexp" 793
"../../../Engine/Plugins/Interchange/Assets/Content/gltf/MaterialFunctions/MF_Occlusion.uasset" 794
"../../../Engine/Plugins/Interchange/Assets/Content/gltf/MaterialFunctions/MF_Occlusion.uexp" 795
"../../../Engine/Plugins/Interchange/Assets/Content/gltf/MaterialFunctions/MF_Specular.uasset" 796
"../../../Engine/Plugins/Interchange/Assets/Content/gltf/MaterialFunctions/MF_Specular.uexp" 797
"../../../Engine/Plugins/Interchange/Assets/Content/gltf/Textures/T_Anisotropy_Direction_Linear.uasset" 798
"../../../Engine/Plugins/Interchange/Assets/Content/gltf/Textures/T_Anisotropy_Direction_Linear.uexp" 799
"../../../Engine/Plugins/Interchange/Assets/Content/gltf/MaterialFunctions/MF_SpecularAnisotropy.uasset" 800
"../../../Engine/Plugins/Interchange/Assets/Content/gltf/MaterialFunctions/MF_SpecularAnisotropy.uexp" 801
"../../../Engine/Plugins/Interchange/Assets/Content/gltf/MaterialFunctions/MF_RotateV2.uasset" 802
"../../../Engine/Plugins/Interchange/Assets/Content/gltf/MaterialFunctions/MF_RotateV2.uexp" 803
"../../../Engine/Plugins/Interchange/Assets/Content/gltf/MaterialFunctions/MF_TransformUVs.uasset" 804
"../../../Engine/Plugins/Interchange/Assets/Content/gltf/MaterialFunctions/MF_TransformUVs.uexp" 805
"../../../Engine/Plugins/Interchange/Assets/Content/gltf/MaterialBodies/MF_ClearCoat_Body.uasset" 806
"../../../Engine/Plugins/Interchange/Assets/Content/gltf/MaterialBodies/MF_ClearCoat_Body.uexp" 807
"../../../Engine/Plugins/Interchange/Assets/Content/gltf/M_ClearCoat.uasset" 808
"../../../Engine/Plugins/Interchange/Assets/Content/gltf/M_ClearCoat.uexp" 809
"../../../Engine/Plugins/Interchange/Assets/Content/gltf/MaterialInstances/MI_ClearCoat_Blend.uasset" 810
"../../../Engine/Plugins/Interchange/Assets/Content/gltf/MaterialInstances/MI_ClearCoat_Blend.uexp" 811
"../../../Engine/Plugins/Interchange/Assets/Content/gltf/MaterialInstances/MI_ClearCoat_Blend_DS.uasset" 812
"../../../Engine/Plugins/Interchange/Assets/Content/gltf/MaterialInstances/MI_ClearCoat_Blend_DS.uexp" 813
"../../../Engine/Plugins/Interchange/Assets/Content/gltf/MaterialInstances/MI_ClearCoat_Mask.uasset" 814
"../../../Engine/Plugins/Interchange/Assets/Content/gltf/MaterialInstances/MI_ClearCoat_Mask.uexp" 815
"../../../Engine/Plugins/Interchange/Assets/Content/gltf/MaterialInstances/MI_ClearCoat_Mask_DS.uasset" 816
"../../../Engine/Plugins/Interchange/Assets/Content/gltf/MaterialInstances/MI_ClearCoat_Mask_DS.uexp" 817
"../../../Engine/Plugins/Interchange/Assets/Content/gltf/MaterialInstances/MI_ClearCoat_Opaque.uasset" 818
"../../../Engine/Plugins/Interchange/Assets/Content/gltf/MaterialInstances/MI_ClearCoat_Opaque.uexp" 819
"../../../Engine/Plugins/Interchange/Assets/Content/gltf/MaterialBodies/MF_Default_Body.uasset" 820
"../../../Engine/Plugins/Interchange/Assets/Content/gltf/MaterialBodies/MF_Default_Body.uexp" 821
"../../../Engine/Plugins/Interchange/Assets/Content/gltf/M_Default.uasset" 822
"../../../Engine/Plugins/Interchange/Assets/Content/gltf/M_Default.uexp" 823
"../../../Engine/Plugins/Interchange/Assets/Content/gltf/MaterialInstances/MI_Default_Blend.uasset" 824
"../../../Engine/Plugins/Interchange/Assets/Content/gltf/MaterialInstances/MI_Default_Blend.uexp" 825
"../../../Engine/Plugins/Interchange/Assets/Content/gltf/MaterialInstances/MI_Default_Mask.uasset" 826
"../../../Engine/Plugins/Interchange/Assets/Content/gltf/MaterialInstances/MI_Default_Mask.uexp" 827
"../../../Engine/Plugins/Interchange/Assets/Content/gltf/MaterialInstances/MI_Default_Mask_DS.uasset" 828
"../../../Engine/Plugins/Interchange/Assets/Content/gltf/MaterialInstances/MI_Default_Mask_DS.uexp" 829
"../../../Engine/Plugins/Interchange/Assets/Content/gltf/MaterialFunctions/MF_Sheen.uasset" 830
"../../../Engine/Plugins/Interchange/Assets/Content/gltf/MaterialFunctions/MF_Sheen.uexp" 831
"../../../Engine/Plugins/Interchange/Assets/Content/gltf/MaterialBodies/MF_Sheen_Body.uasset" 832
"../../../Engine/Plugins/Interchange/Assets/Content/gltf/MaterialBodies/MF_Sheen_Body.uexp" 833
"../../../Engine/Plugins/Interchange/Assets/Content/gltf/M_Sheen.uasset" 834
"../../../Engine/Plugins/Interchange/Assets/Content/gltf/M_Sheen.uexp" 835
"../../../Engine/Plugins/Interchange/Assets/Content/gltf/MaterialInstances/MI_Sheen_Blend.uasset" 836
"../../../Engine/Plugins/Interchange/Assets/Content/gltf/MaterialInstances/MI_Sheen_Blend.uexp" 837
"../../../Engine/Plugins/Interchange/Assets/Content/gltf/MaterialInstances/MI_Sheen_Blend_DS.uasset" 838
"../../../Engine/Plugins/Interchange/Assets/Content/gltf/MaterialInstances/MI_Sheen_Blend_DS.uexp" 839
"../../../Engine/Plugins/Interchange/Assets/Content/gltf/MaterialInstances/MI_Sheen_Mask.uasset" 840
"../../../Engine/Plugins/Interchange/Assets/Content/gltf/MaterialInstances/MI_Sheen_Mask.uexp" 841
"../../../Engine/Plugins/Interchange/Assets/Content/gltf/MaterialInstances/MI_Sheen_Mask_DS.uasset" 842
"../../../Engine/Plugins/Interchange/Assets/Content/gltf/MaterialInstances/MI_Sheen_Mask_DS.uexp" 843
"../../../Engine/Plugins/Interchange/Assets/Content/gltf/MaterialInstances/MI_Sheen_Opaque.uasset" 844
"../../../Engine/Plugins/Interchange/Assets/Content/gltf/MaterialInstances/MI_Sheen_Opaque.uexp" 845
"../../../Engine/Plugins/Interchange/Assets/Content/gltf/MaterialInstances/MI_Sheen_Opaque_DS.uasset" 846
"../../../Engine/Plugins/Interchange/Assets/Content/gltf/MaterialInstances/MI_Sheen_Opaque_DS.uexp" 847
"../../../Engine/Plugins/Interchange/Assets/Content/gltf/MaterialFunctions/MF_DiffuseSpecGloss.uasset" 848
"../../../Engine/Plugins/Interchange/Assets/Content/gltf/MaterialFunctions/MF_DiffuseSpecGloss.uexp" 849
"../../../Engine/Plugins/Interchange/Assets/Content/gltf/MaterialFunctions/MF_MaxComponentValue.uasset" 850
"../../../Engine/Plugins/Interchange/Assets/Content/gltf/MaterialFunctions/MF_MaxComponentValue.uexp" 851
"../../../Engine/Content/Functions/Engine_MaterialFunctions02/Math/AddComponents.uasset" 852
"../../../Engine/Content/Functions/Engine_MaterialFunctions02/Math/AddComponents.uexp" 853
"../../../Engine/Plugins/Interchange/Assets/Content/gltf/MaterialFunctions/MF_PerceivedBrightness.uasset" 854
"../../../Engine/Plugins/Interchange/Assets/Content/gltf/MaterialFunctions/MF_PerceivedBrightness.uexp" 855
"../../../Engine/Plugins/Interchange/Assets/Content/gltf/MaterialFunctions/MF_SpecGlossToMetalRoughness.uasset" 856
"../../../Engine/Plugins/Interchange/Assets/Content/gltf/MaterialFunctions/MF_SpecGlossToMetalRoughness.uexp" 857
"../../../Engine/Plugins/Interchange/Assets/Content/gltf/MaterialBodies/MF_SpecularGlossiness_Body.uasset" 858
"../../../Engine/Plugins/Interchange/Assets/Content/gltf/MaterialBodies/MF_SpecularGlossiness_Body.uexp" 859
"../../../Engine/Plugins/Interchange/Assets/Content/gltf/M_SpecularGlossiness.uasset" 860
"../../../Engine/Plugins/Interchange/Assets/Content/gltf/M_SpecularGlossiness.uexp" 861
"../../../Engine/Plugins/Interchange/Assets/Content/gltf/MaterialInstances/MI_SpecularGlossiness_Blend.uasset" 862
"../../../Engine/Plugins/Interchange/Assets/Content/gltf/MaterialInstances/MI_SpecularGlossiness_Blend.uexp" 863
"../../../Engine/Plugins/Interchange/Assets/Content/gltf/MaterialInstances/MI_SpecularGlossiness_Blend_DS.uasset" 864
"../../../Engine/Plugins/Interchange/Assets/Content/gltf/MaterialInstances/MI_SpecularGlossiness_Blend_DS.uexp" 865
"../../../Engine/Plugins/Interchange/Assets/Content/gltf/MaterialInstances/MI_SpecularGlossiness_Mask.uasset" 866
"../../../Engine/Plugins/Interchange/Assets/Content/gltf/MaterialInstances/MI_SpecularGlossiness_Mask.uexp" 867
"../../../Engine/Plugins/Interchange/Assets/Content/gltf/MaterialInstances/MI_SpecularGlossiness_Mask_DS.uasset" 868
"../../../Engine/Plugins/Interchange/Assets/Content/gltf/MaterialInstances/MI_SpecularGlossiness_Mask_DS.uexp" 869
"../../../Engine/Plugins/Interchange/Assets/Content/gltf/MaterialInstances/MI_SpecularGlossiness_Opaque.uasset" 870
"../../../Engine/Plugins/Interchange/Assets/Content/gltf/MaterialInstances/MI_SpecularGlossiness_Opaque.uexp" 871
"../../../Engine/Plugins/Interchange/Assets/Content/gltf/MaterialInstances/MI_SpecularGlossiness_Opaque_DS.uasset" 872
"../../../Engine/Plugins/Interchange/Assets/Content/gltf/MaterialInstances/MI_SpecularGlossiness_Opaque_DS.uexp" 873
"../../../Engine/Content/EngineMaterials/Good64x64TilingNoiseHighFreq.uasset" 874
"../../../Engine/Content/EngineMaterials/Good64x64TilingNoiseHighFreq.uexp" 875
"../../../Engine/Content/Functions/Engine_MaterialFunctions02/Texturing/ScreenAlignedPixelToPixelUVs.uasset" 876
"../../../Engine/Content/Functions/Engine_MaterialFunctions02/Texturing/ScreenAlignedPixelToPixelUVs.uexp" 877
"../../../Engine/Plugins/Interchange/Assets/Content/gltf/MaterialFunctions/MF_Fresnel_DS.uasset" 878
"../../../Engine/Plugins/Interchange/Assets/Content/gltf/MaterialFunctions/MF_Fresnel_DS.uexp" 879
"../../../Engine/Plugins/Interchange/Assets/Content/gltf/MaterialFunctions/MF_Temporal_Blur.uasset" 880
"../../../Engine/Plugins/Interchange/Assets/Content/gltf/MaterialFunctions/MF_Temporal_Blur.uexp" 881
"../../../Engine/Plugins/Interchange/Assets/Content/gltf/MaterialFunctions/MF_Transmission.uasset" 882
"../../../Engine/Plugins/Interchange/Assets/Content/gltf/MaterialFunctions/MF_Transmission.uexp" 883
"../../../Engine/Plugins/Interchange/Assets/Content/gltf/MaterialBodies/MF_Transmission_Body.uasset" 884
"../../../Engine/Plugins/Interchange/Assets/Content/gltf/MaterialBodies/MF_Transmission_Body.uexp" 885
"../../../Engine/Plugins/Interchange/Assets/Content/gltf/M_Transmission.uasset" 886
"../../../Engine/Plugins/Interchange/Assets/Content/gltf/M_Transmission.uexp" 887
"../../../Engine/Plugins/Interchange/Assets/Content/gltf/MaterialInstances/MI_Transmission.uasset" 888
"../../../Engine/Plugins/Interchange/Assets/Content/gltf/MaterialInstances/MI_Transmission.uexp" 889
"../../../Engine/Plugins/Interchange/Assets/Content/gltf/MaterialInstances/MI_Transmission_DS.uasset" 890
"../../../Engine/Plugins/Interchange/Assets/Content/gltf/MaterialInstances/MI_Transmission_DS.uexp" 891
"../../../Engine/Plugins/Interchange/Assets/Content/gltf/MaterialBodies/MF_Unlit_Body.uasset" 892
"../../../Engine/Plugins/Interchange/Assets/Content/gltf/MaterialBodies/MF_Unlit_Body.uexp" 893
"../../../Engine/Plugins/Interchange/Assets/Content/gltf/M_Unlit.uasset" 894
"../../../Engine/Plugins/Interchange/Assets/Content/gltf/M_Unlit.uexp" 895
"../../../Engine/Plugins/Interchange/Assets/Content/gltf/MaterialInstances/MI_Unlit_Blend.uasset" 896
"../../../Engine/Plugins/Interchange/Assets/Content/gltf/MaterialInstances/MI_Unlit_Blend.uexp" 897
"../../../Engine/Plugins/Interchange/Assets/Content/gltf/MaterialInstances/MI_Unlit_Blend_DS.uasset" 898
"../../../Engine/Plugins/Interchange/Assets/Content/gltf/MaterialInstances/MI_Unlit_Blend_DS.uexp" 899
"../../../Engine/Plugins/Interchange/Assets/Content/gltf/MaterialInstances/MI_Unlit_Mask.uasset" 900
"../../../Engine/Plugins/Interchange/Assets/Content/gltf/MaterialInstances/MI_Unlit_Mask.uexp" 901
"../../../Engine/Plugins/Interchange/Assets/Content/gltf/MaterialInstances/MI_Unlit_Mask_DS.uasset" 902
"../../../Engine/Plugins/Interchange/Assets/Content/gltf/MaterialInstances/MI_Unlit_Mask_DS.uexp" 903
"../../../Engine/Plugins/Interchange/Assets/Content/gltf/MaterialInstances/MI_Unlit_Opaque.uasset" 904
"../../../Engine/Plugins/Interchange/Assets/Content/gltf/MaterialInstances/MI_Unlit_Opaque.uexp" 905
"../../../Engine/Plugins/Interchange/Assets/Content/gltf/MaterialInstances/MI_Unlit_Opaque_DS.uasset" 906
"../../../Engine/Plugins/Interchange/Assets/Content/gltf/MaterialInstances/MI_Unlit_Opaque_DS.uexp" 907
"../../../Engine/Content/ArtTools/RenderToTexture/Meshes/S_1_Unit_Plane.ubulk" 908
"../../../Engine/Content/ArtTools/RenderToTexture/Meshes/S_1_Unit_Plane.uasset" 909
"../../../Engine/Content/ArtTools/RenderToTexture/Meshes/S_1_Unit_Plane.uexp" 910
"../../../Engine/Content/EngineMaterials/Substrate/GLints/AGlintTex2dArray.uasset" 911
"../../../Engine/Content/EngineMaterials/Substrate/GLints/AGlintTex2dArray.uexp" 912
"../../../Engine/Content/EngineMaterials/Substrate/Glints2/AGlintTex2dArray2.uasset" 913
"../../../Engine/Content/EngineMaterials/Substrate/Glints2/AGlintTex2dArray2.uexp" 914
"../../../Engine/Content/EngineMaterials/Substrate/Volume/SubstrateSimpleVolumeEnvLUT3D.uasset" 915
"../../../Engine/Content/EngineMaterials/Substrate/Volume/SubstrateSimpleVolumeEnvLUT3D.uexp" 916
"../../../Engine/Content/EngineMaterials/Substrate/Volume/SubstrateSimpleVolumeLUT3D.uasset" 917
"../../../Engine/Content/EngineMaterials/Substrate/Volume/SubstrateSimpleVolumeLUT3D.uexp" 918
"../../../Engine/Content/Functions/Engine_MaterialFunctions01/Shading/ConvertFromDiffSpec.uasset" 919
"../../../Engine/Content/Functions/Engine_MaterialFunctions01/Shading/ConvertFromDiffSpec.uexp" 920
"../../../Engine/Content/Functions/Engine_MaterialFunctions01/Shading/PowerToRoughness.uasset" 921
"../../../Engine/Content/Functions/Engine_MaterialFunctions01/Shading/PowerToRoughness.uexp" 922
"C:/Users/prato/Documents/GitHub/GameDev-Project/Content/Characters/Mannequins/Meshes/SK_Mannequin.uasset" 923
"C:/Users/prato/Documents/GitHub/GameDev-Project/Content/Characters/Mannequins/Meshes/SK_Mannequin.uexp" 924
"C:/Users/prato/Documents/GitHub/GameDev-Project/Content/Characters/Mannequins/Rigs/PA_Mannequin.uasset" 925
"C:/Users/prato/Documents/GitHub/GameDev-Project/Content/Characters/Mannequins/Rigs/PA_Mannequin.uexp" 926
"C:/Users/prato/Documents/GitHub/GameDev-Project/Content/Characters/Mannequins/Textures/Manny/T_Manny_01_BN.ubulk" 927
"C:/Users/prato/Documents/GitHub/GameDev-Project/Content/Characters/Mannequins/Textures/Manny/T_Manny_01_BN.uasset" 928
"C:/Users/prato/Documents/GitHub/GameDev-Project/Content/Characters/Mannequins/Textures/Manny/T_Manny_01_BN.uexp" 929
"C:/Users/prato/Documents/GitHub/GameDev-Project/Content/Characters/Mannequins/Textures/Manny/T_Manny_01_D.ubulk" 930
"C:/Users/prato/Documents/GitHub/GameDev-Project/Content/Characters/Mannequins/Textures/Manny/T_Manny_01_D.uasset" 931
"C:/Users/prato/Documents/GitHub/GameDev-Project/Content/Characters/Mannequins/Textures/Manny/T_Manny_01_D.uexp" 932
"C:/Users/prato/Documents/GitHub/GameDev-Project/Content/Characters/Mannequins/Textures/Manny/T_Manny_01_MRA.ubulk" 933
"C:/Users/prato/Documents/GitHub/GameDev-Project/Content/Characters/Mannequins/Textures/Manny/T_Manny_01_MRA.uasset" 934
"C:/Users/prato/Documents/GitHub/GameDev-Project/Content/Characters/Mannequins/Textures/Manny/T_Manny_01_MRA.uexp" 935
"C:/Users/prato/Documents/GitHub/GameDev-Project/Content/Characters/Mannequins/Textures/Shared/T_UE_Logo_M.uasset" 936
"C:/Users/prato/Documents/GitHub/GameDev-Project/Content/Characters/Mannequins/Textures/Shared/T_UE_Logo_M.uexp" 937
"C:/Users/prato/Documents/GitHub/GameDev-Project/Content/Characters/Mannequins/Materials/M_Mannequin.uasset" 938
"C:/Users/prato/Documents/GitHub/GameDev-Project/Content/Characters/Mannequins/Materials/M_Mannequin.uexp" 939
"C:/Users/prato/Documents/GitHub/GameDev-Project/Content/Characters/Mannequins/Materials/Manny/MI_Manny_01_New.uasset" 940
"C:/Users/prato/Documents/GitHub/GameDev-Project/Content/Characters/Mannequins/Materials/Manny/MI_Manny_01_New.uexp" 941
"C:/Users/prato/Documents/GitHub/GameDev-Project/Content/Characters/Mannequins/Textures/Manny/T_Manny_02_BN.ubulk" 942
"C:/Users/prato/Documents/GitHub/GameDev-Project/Content/Characters/Mannequins/Textures/Manny/T_Manny_02_BN.uasset" 943
"C:/Users/prato/Documents/GitHub/GameDev-Project/Content/Characters/Mannequins/Textures/Manny/T_Manny_02_BN.uexp" 944
"C:/Users/prato/Documents/GitHub/GameDev-Project/Content/Characters/Mannequins/Textures/Manny/T_Manny_02_D.ubulk" 945
"C:/Users/prato/Documents/GitHub/GameDev-Project/Content/Characters/Mannequins/Textures/Manny/T_Manny_02_D.uasset" 946
"C:/Users/prato/Documents/GitHub/GameDev-Project/Content/Characters/Mannequins/Textures/Manny/T_Manny_02_D.uexp" 947
"C:/Users/prato/Documents/GitHub/GameDev-Project/Content/Characters/Mannequins/Textures/Manny/T_Manny_02_MRA.ubulk" 948
"C:/Users/prato/Documents/GitHub/GameDev-Project/Content/Characters/Mannequins/Textures/Manny/T_Manny_02_MRA.uasset" 949
"C:/Users/prato/Documents/GitHub/GameDev-Project/Content/Characters/Mannequins/Textures/Manny/T_Manny_02_MRA.uexp" 950
"C:/Users/prato/Documents/GitHub/GameDev-Project/Content/Characters/Mannequins/Materials/Manny/MI_Manny_02_New.uasset" 951
"C:/Users/prato/Documents/GitHub/GameDev-Project/Content/Characters/Mannequins/Materials/Manny/MI_Manny_02_New.uexp" 952
"C:/Users/prato/Documents/GitHub/GameDev-Project/Content/Characters/Mannequins/Meshes/SKM_Manny_Simple.uasset" 953
"C:/Users/prato/Documents/GitHub/GameDev-Project/Content/Characters/Mannequins/Meshes/SKM_Manny_Simple.uexp" 954
"C:/Users/prato/Documents/GitHub/GameDev-Project/Content/UI/font/webfontkit-BoldPixels/Spaceship_Pixel_Animated--cursor--SweezyCursors.ubulk" 955
"C:/Users/prato/Documents/GitHub/GameDev-Project/Content/UI/font/webfontkit-BoldPixels/Spaceship_Pixel_Animated--cursor--SweezyCursors.uasset" 956
"C:/Users/prato/Documents/GitHub/GameDev-Project/Content/UI/font/webfontkit-BoldPixels/Spaceship_Pixel_Animated--cursor--SweezyCursors.uexp" 957
"C:/Users/prato/Documents/GitHub/GameDev-Project/Content/UI/font/webfontkit-BoldPixels/mousecursor.uasset" 958
"C:/Users/prato/Documents/GitHub/GameDev-Project/Content/UI/font/webfontkit-BoldPixels/mousecursor.uexp" 959
"../../../Engine/Content/EngineMeshes/Sphere.ubulk" 960
"../../../Engine/Content/EngineMeshes/Sphere.uasset" 961
"../../../Engine/Content/EngineMeshes/Sphere.uexp" 962
"../../../Engine/Content/EngineResources/Black.uasset" 963
"../../../Engine/Content/EngineResources/Black.uexp" 964
"../../../Engine/Content/EngineResources/DefaultTexture.ubulk" 965
"../../../Engine/Content/EngineResources/DefaultTexture.uasset" 966
"../../../Engine/Content/EngineResources/DefaultTexture.uexp" 967
"../../../Engine/Content/EngineResources/GradientTexture0.uasset" 968
"../../../Engine/Content/EngineResources/GradientTexture0.uexp" 969
"../../../Engine/Content/EngineResources/LandscapeVisibilityLayerInfo.uasset" 970
"../../../Engine/Content/EngineResources/LandscapeVisibilityLayerInfo.uexp" 971
"../../../Engine/Content/EngineSky/T_Sky_Blue.ubulk" 972
"../../../Engine/Content/EngineSky/T_Sky_Blue.uasset" 973
"../../../Engine/Content/EngineSky/T_Sky_Blue.uexp" 974
"../../../Engine/Content/EngineSky/T_Sky_Clouds_M.ubulk" 975
"../../../Engine/Content/EngineSky/T_Sky_Clouds_M.uasset" 976
"../../../Engine/Content/EngineSky/T_Sky_Clouds_M.uexp" 977
"../../../Engine/Content/EngineSky/T_Sky_Stars.ubulk" 978
"../../../Engine/Content/EngineSky/T_Sky_Stars.uasset" 979
"../../../Engine/Content/EngineSky/T_Sky_Stars.uexp" 980
"../../../Engine/Content/EngineSky/M_Sky_Panning_Clouds2.uasset" 981
"../../../Engine/Content/EngineSky/M_Sky_Panning_Clouds2.uexp" 982
"../../../Engine/Content/EngineSky/SM_SkySphere.ubulk" 983
"../../../Engine/Content/EngineSky/SM_SkySphere.uasset" 984
"../../../Engine/Content/EngineSky/SM_SkySphere.uexp" 985
"../../../Engine/Content/EngineSky/M_SimpleSkyDome.uasset" 986
"../../../Engine/Content/EngineSky/M_SimpleSkyDome.uexp" 987
"../../../Engine/Content/MapTemplates/SM_Template_Map_Floor.ubulk" 988
"../../../Engine/Content/MapTemplates/SM_Template_Map_Floor.uasset" 989
"../../../Engine/Content/MapTemplates/SM_Template_Map_Floor.uexp" 990
"../../../Engine/Content/EngineResources/DefaultTextureCube.uasset" 991
"../../../Engine/Content/EngineResources/DefaultTextureCube.uexp" 992
"../../../Engine/Content/Functions/Engine_MaterialFunctions02/WorldPositionOffset/ObjectPivotPoint.uasset" 993
"../../../Engine/Content/Functions/Engine_MaterialFunctions02/WorldPositionOffset/ObjectPivotPoint.uexp" 994
"../../../Engine/Plugins/Runtime/HDRIBackdrop/Content/Materials/HDRI_Attributes.uasset" 995
"../../../Engine/Plugins/Runtime/HDRIBackdrop/Content/Materials/HDRI_Attributes.uexp" 996
"../../../Engine/Plugins/Runtime/HDRIBackdrop/Content/Materials/HDRI_Projection_Floor.uasset" 997
"../../../Engine/Plugins/Runtime/HDRIBackdrop/Content/Materials/HDRI_Projection_Floor.uexp" 998
"../../../Engine/Plugins/Runtime/HDRIBackdrop/Content/Materials/MI_HDRI_Floor.uasset" 999
"../../../Engine/Plugins/Runtime/HDRIBackdrop/Content/Materials/MI_HDRI_Floor.uexp" 1000
"../../../Engine/Plugins/Runtime/HDRIBackdrop/Content/Materials/HDRI_Projection_Sky.uasset" 1001
"../../../Engine/Plugins/Runtime/HDRIBackdrop/Content/Materials/HDRI_Projection_Sky.uexp" 1002
"../../../Engine/Plugins/Runtime/HDRIBackdrop/Content/Materials/MI_HDRI_Sky.uasset" 1003
"../../../Engine/Plugins/Runtime/HDRIBackdrop/Content/Materials/MI_HDRI_Sky.uexp" 1004
"../../../Engine/Plugins/Runtime/HDRIBackdrop/Content/Meshes/EnviroDome.ubulk" 1005
"../../../Engine/Plugins/Runtime/HDRIBackdrop/Content/Meshes/EnviroDome.uasset" 1006
"../../../Engine/Plugins/Runtime/HDRIBackdrop/Content/Meshes/EnviroDome.uexp" 1007
"../../../Engine/Plugins/Runtime/HDRIBackdrop/Content/Textures/approaching_storm_4k.uasset" 1008
"../../../Engine/Plugins/Runtime/HDRIBackdrop/Content/Textures/approaching_storm_4k.uexp" 1009
"../../../Engine/Plugins/Runtime/HDRIBackdrop/Content/Blueprints/HDRIBackdrop.uasset" 1010
"../../../Engine/Plugins/Runtime/HDRIBackdrop/Content/Blueprints/HDRIBackdrop.uexp" 1011
"C:/Users/prato/Documents/GitHub/GameDev-Project/Content/BG_MUSIC/Hans_Zimmer_-_No_Time_For_Caution__Interstellar_Soundtrack__Docking__Interstellar_OST_.ubulk" 1012
"C:/Users/prato/Documents/GitHub/GameDev-Project/Content/BG_MUSIC/Hans_Zimmer_-_No_Time_For_Caution__Interstellar_Soundtrack__Docking__Interstellar_OST_.uasset" 1013
"C:/Users/prato/Documents/GitHub/GameDev-Project/Content/BG_MUSIC/Hans_Zimmer_-_No_Time_For_Caution__Interstellar_Soundtrack__Docking__Interstellar_OST_.uexp" 1014
"C:/Users/prato/Documents/GitHub/GameDev-Project/Content/BG_MUSIC/BG_MUSIC.uasset" 1015
"C:/Users/prato/Documents/GitHub/GameDev-Project/Content/BG_MUSIC/BG_MUSIC.uexp" 1016
"C:/Users/prato/Documents/GitHub/GameDev-Project/Content/Blueprints/AIC_Chaser.uasset" 1017
"C:/Users/prato/Documents/GitHub/GameDev-Project/Content/Blueprints/AIC_Chaser.uexp" 1018
"../../../Engine/Plugins/Animation/ControlRig/Content/Controls/DefaultGizmoLibraryNormalized.uasset" 1019
"../../../Engine/Plugins/Animation/ControlRig/Content/Controls/DefaultGizmoLibraryNormalized.uexp" 1020
"C:/Users/prato/Documents/GitHub/GameDev-Project/Content/Characters/Mannequins/Rigs/CR_Mannequin_FootIK.uasset" 1021
"C:/Users/prato/Documents/GitHub/GameDev-Project/Content/Characters/Mannequins/Rigs/CR_Mannequin_FootIK.uexp" 1022
"../../../Engine/Content/Animation/DefaultAnimBoneCompressionSettings.uasset" 1023
"../../../Engine/Content/Animation/DefaultAnimBoneCompressionSettings.uexp" 1024
"../../../Engine/Content/Animation/DefaultAnimCurveCompressionSettings.uasset" 1025
"../../../Engine/Content/Animation/DefaultAnimCurveCompressionSettings.uexp" 1026
"../../../Engine/Content/Animation/DefaultVariableFrameStrippingSettings.uasset" 1027
"../../../Engine/Content/Animation/DefaultVariableFrameStrippingSettings.uexp" 1028
"C:/Users/prato/Documents/GitHub/GameDev-Project/Content/Characters/Mannequins/Anims/Unarmed/MM_Idle.uasset" 1029
"C:/Users/prato/Documents/GitHub/GameDev-Project/Content/Characters/Mannequins/Anims/Unarmed/MM_Idle.uexp" 1030
"C:/Users/prato/Documents/GitHub/GameDev-Project/Content/Characters/Mannequins/Anims/Unarmed/Jog/MF_Unarmed_Jog_Bwd.uasset" 1031
"C:/Users/prato/Documents/GitHub/GameDev-Project/Content/Characters/Mannequins/Anims/Unarmed/Jog/MF_Unarmed_Jog_Bwd.uexp" 1032
"../../../Engine/Plugins/Animation/ACLPlugin/Content/ACLAnimCurveCompressionSettings.uasset" 1033
"../../../Engine/Plugins/Animation/ACLPlugin/Content/ACLAnimCurveCompressionSettings.uexp" 1034
"../../../Engine/Content/Animation/DefaultRecorderBoneCompression.uasset" 1035
"../../../Engine/Content/Animation/DefaultRecorderBoneCompression.uexp" 1036
"C:/Users/prato/Documents/GitHub/GameDev-Project/Content/Characters/Mannequins/Anims/Unarmed/Jog/MF_Unarmed_Jog_Bwd_Left.uasset" 1037
"C:/Users/prato/Documents/GitHub/GameDev-Project/Content/Characters/Mannequins/Anims/Unarmed/Jog/MF_Unarmed_Jog_Bwd_Left.uexp" 1038
"C:/Users/prato/Documents/GitHub/GameDev-Project/Content/Characters/Mannequins/Anims/Unarmed/Jog/MF_Unarmed_Jog_Bwd_Right.uasset" 1039
"C:/Users/prato/Documents/GitHub/GameDev-Project/Content/Characters/Mannequins/Anims/Unarmed/Jog/MF_Unarmed_Jog_Bwd_Right.uexp" 1040
"C:/Users/prato/Documents/GitHub/GameDev-Project/Content/Characters/Mannequins/Anims/Unarmed/Jog/MF_Unarmed_Jog_Fwd.uasset" 1041
"C:/Users/prato/Documents/GitHub/GameDev-Project/Content/Characters/Mannequins/Anims/Unarmed/Jog/MF_Unarmed_Jog_Fwd.uexp" 1042
"C:/Users/prato/Documents/GitHub/GameDev-Project/Content/Characters/Mannequins/Anims/Unarmed/Jog/MF_Unarmed_Jog_Fwd_Left.uasset" 1043
"C:/Users/prato/Documents/GitHub/GameDev-Project/Content/Characters/Mannequins/Anims/Unarmed/Jog/MF_Unarmed_Jog_Fwd_Left.uexp" 1044
"C:/Users/prato/Documents/GitHub/GameDev-Project/Content/Characters/Mannequins/Anims/Unarmed/Jog/MF_Unarmed_Jog_Fwd_Right.uasset" 1045
"C:/Users/prato/Documents/GitHub/GameDev-Project/Content/Characters/Mannequins/Anims/Unarmed/Jog/MF_Unarmed_Jog_Fwd_Right.uexp" 1046
"C:/Users/prato/Documents/GitHub/GameDev-Project/Content/Characters/Mannequins/Anims/Unarmed/Jog/MF_Unarmed_Jog_Left.uasset" 1047
"C:/Users/prato/Documents/GitHub/GameDev-Project/Content/Characters/Mannequins/Anims/Unarmed/Jog/MF_Unarmed_Jog_Left.uexp" 1048
"C:/Users/prato/Documents/GitHub/GameDev-Project/Content/Characters/Mannequins/Anims/Unarmed/Jog/MF_Unarmed_Jog_Right.uasset" 1049
"C:/Users/prato/Documents/GitHub/GameDev-Project/Content/Characters/Mannequins/Anims/Unarmed/Jog/MF_Unarmed_Jog_Right.uexp" 1050
"C:/Users/prato/Documents/GitHub/GameDev-Project/Content/Characters/Mannequins/Anims/Unarmed/Walk/MF_Unarmed_Walk_Bwd.uasset" 1051
"C:/Users/prato/Documents/GitHub/GameDev-Project/Content/Characters/Mannequins/Anims/Unarmed/Walk/MF_Unarmed_Walk_Bwd.uexp" 1052
"C:/Users/prato/Documents/GitHub/GameDev-Project/Content/Characters/Mannequins/Anims/Unarmed/Walk/MF_Unarmed_Walk_Bwd_Left.uasset" 1053
"C:/Users/prato/Documents/GitHub/GameDev-Project/Content/Characters/Mannequins/Anims/Unarmed/Walk/MF_Unarmed_Walk_Bwd_Left.uexp" 1054
"C:/Users/prato/Documents/GitHub/GameDev-Project/Content/Characters/Mannequins/Anims/Unarmed/Walk/MF_Unarmed_Walk_Bwd_Right.uasset" 1055
"C:/Users/prato/Documents/GitHub/GameDev-Project/Content/Characters/Mannequins/Anims/Unarmed/Walk/MF_Unarmed_Walk_Bwd_Right.uexp" 1056
"C:/Users/prato/Documents/GitHub/GameDev-Project/Content/Characters/Mannequins/Anims/Unarmed/Walk/MF_Unarmed_Walk_Fwd.uasset" 1057
"C:/Users/prato/Documents/GitHub/GameDev-Project/Content/Characters/Mannequins/Anims/Unarmed/Walk/MF_Unarmed_Walk_Fwd.uexp" 1058
"C:/Users/prato/Documents/GitHub/GameDev-Project/Content/Characters/Mannequins/Anims/Unarmed/Walk/MF_Unarmed_Walk_Fwd_Left.uasset" 1059
"C:/Users/prato/Documents/GitHub/GameDev-Project/Content/Characters/Mannequins/Anims/Unarmed/Walk/MF_Unarmed_Walk_Fwd_Left.uexp" 1060
"C:/Users/prato/Documents/GitHub/GameDev-Project/Content/Characters/Mannequins/Anims/Unarmed/Walk/MF_Unarmed_Walk_Fwd_Right.uasset" 1061
"C:/Users/prato/Documents/GitHub/GameDev-Project/Content/Characters/Mannequins/Anims/Unarmed/Walk/MF_Unarmed_Walk_Fwd_Right.uexp" 1062
"C:/Users/prato/Documents/GitHub/GameDev-Project/Content/Characters/Mannequins/Anims/Unarmed/Walk/MF_Unarmed_Walk_Left.uasset" 1063
"C:/Users/prato/Documents/GitHub/GameDev-Project/Content/Characters/Mannequins/Anims/Unarmed/Walk/MF_Unarmed_Walk_Left.uexp" 1064
"C:/Users/prato/Documents/GitHub/GameDev-Project/Content/Characters/Mannequins/Anims/Unarmed/Walk/MF_Unarmed_Walk_Right.uasset" 1065
"C:/Users/prato/Documents/GitHub/GameDev-Project/Content/Characters/Mannequins/Anims/Unarmed/Walk/MF_Unarmed_Walk_Right.uexp" 1066
"C:/Users/prato/Documents/GitHub/GameDev-Project/Content/Characters/Mannequins/Anims/Unarmed/BS_Idle_Walk_Run.uasset" 1067
"C:/Users/prato/Documents/GitHub/GameDev-Project/Content/Characters/Mannequins/Anims/Unarmed/BS_Idle_Walk_Run.uexp" 1068
"C:/Users/prato/Documents/GitHub/GameDev-Project/Content/Characters/Mannequins/Anims/Unarmed/Jump/MM_Fall_Loop.uasset" 1069
"C:/Users/prato/Documents/GitHub/GameDev-Project/Content/Characters/Mannequins/Anims/Unarmed/Jump/MM_Fall_Loop.uexp" 1070
"C:/Users/prato/Documents/GitHub/GameDev-Project/Content/Characters/Mannequins/Anims/Unarmed/Jump/MM_Jump.uasset" 1071
"C:/Users/prato/Documents/GitHub/GameDev-Project/Content/Characters/Mannequins/Anims/Unarmed/Jump/MM_Jump.uexp" 1072
"C:/Users/prato/Documents/GitHub/GameDev-Project/Content/Characters/Mannequins/Anims/Unarmed/Jump/MM_Land.uasset" 1073
"C:/Users/prato/Documents/GitHub/GameDev-Project/Content/Characters/Mannequins/Anims/Unarmed/Jump/MM_Land.uexp" 1074
"C:/Users/prato/Documents/GitHub/GameDev-Project/Content/Characters/Mannequins/Anims/Unarmed/ABP_Unarmed.uasset" 1075
"C:/Users/prato/Documents/GitHub/GameDev-Project/Content/Characters/Mannequins/Anims/Unarmed/ABP_Unarmed.uexp" 1076
"C:/Users/prato/Documents/GitHub/GameDev-Project/Content/UI/GameOver/E_DeathReason.uasset" 1077
"C:/Users/prato/Documents/GitHub/GameDev-Project/Content/UI/GameOver/E_DeathReason.uexp" 1078
"C:/Users/prato/Documents/GitHub/GameDev-Project/Content/Blueprints/MyGameInstance.uasset" 1079
"C:/Users/prato/Documents/GitHub/GameDev-Project/Content/Blueprints/MyGameInstance.uexp" 1080
"C:/Users/prato/Documents/GitHub/GameDev-Project/Content/BP_Interface/GameModeBP_Interface.uasset" 1081
"C:/Users/prato/Documents/GitHub/GameDev-Project/Content/BP_Interface/GameModeBP_Interface.uexp" 1082
"C:/Users/prato/Documents/GitHub/GameDev-Project/Content/UI/font/webfontkit-BoldPixels/BoldPixels.uexp" 1083
"C:/Users/prato/Documents/GitHub/GameDev-Project/Content/UI/font/webfontkit-BoldPixels/BoldPixels.uasset" 1084
"C:/Users/prato/Documents/GitHub/GameDev-Project/Content/UI/font/webfontkit-BoldPixels/BoldPixels.ufont" 1085
"C:/Users/prato/Documents/GitHub/GameDev-Project/Content/UI/font/webfontkit-BoldPixels/boldpixels_0_Font.uasset" 1086
"C:/Users/prato/Documents/GitHub/GameDev-Project/Content/UI/font/webfontkit-BoldPixels/boldpixels_0_Font.uexp" 1087
"C:/Users/prato/Documents/GitHub/GameDev-Project/Content/UI/Inventory_Puase_Distance/Icon31_37.uasset" 1088
"C:/Users/prato/Documents/GitHub/GameDev-Project/Content/UI/Inventory_Puase_Distance/Icon31_37.uexp" 1089
"C:/Users/prato/Documents/GitHub/GameDev-Project/Content/UI/font/webfontkit-BoldPixels/BoldPixels_Font.uasset" 1090
"C:/Users/prato/Documents/GitHub/GameDev-Project/Content/UI/font/webfontkit-BoldPixels/BoldPixels_Font.uexp" 1091
"C:/Users/prato/Documents/GitHub/GameDev-Project/Content/UI/Inventory_Puase_Distance/Inventory.uasset" 1092
"C:/Users/prato/Documents/GitHub/GameDev-Project/Content/UI/Inventory_Puase_Distance/Inventory.uexp" 1093
"C:/Users/prato/Documents/GitHub/GameDev-Project/Content/Blueprints/SaveGames/SaveGames_BP.uasset" 1094
"C:/Users/prato/Documents/GitHub/GameDev-Project/Content/Blueprints/SaveGames/SaveGames_BP.uexp" 1095
"C:/Users/prato/Documents/GitHub/GameDev-Project/Content/Input/Actions/IA_Jump.uasset" 1096
"C:/Users/prato/Documents/GitHub/GameDev-Project/Content/Input/Actions/IA_Jump.uexp" 1097
"C:/Users/prato/Documents/GitHub/GameDev-Project/Content/Input/Actions/IA_Look.uasset" 1098
"C:/Users/prato/Documents/GitHub/GameDev-Project/Content/Input/Actions/IA_Look.uexp" 1099
"C:/Users/prato/Documents/GitHub/GameDev-Project/Content/Input/Actions/IA_Move.uasset" 1100
"C:/Users/prato/Documents/GitHub/GameDev-Project/Content/Input/Actions/IA_Move.uexp" 1101
"C:/Users/prato/Documents/GitHub/GameDev-Project/Content/Input/IMC_Default.uasset" 1102
"C:/Users/prato/Documents/GitHub/GameDev-Project/Content/Input/IMC_Default.uexp" 1103
"C:/Users/prato/Documents/GitHub/GameDev-Project/Content/Input/Actions/IA_MouseLook.uasset" 1104
"C:/Users/prato/Documents/GitHub/GameDev-Project/Content/Input/Actions/IA_MouseLook.uexp" 1105
"C:/Users/prato/Documents/GitHub/GameDev-Project/Content/Input/IMC_MouseLook.uasset" 1106
"C:/Users/prato/Documents/GitHub/GameDev-Project/Content/Input/IMC_MouseLook.uexp" 1107
"../../../Engine/Content/MobileResources/HUD/VirtualJoystick_Thumb.uasset" 1108
"../../../Engine/Content/MobileResources/HUD/VirtualJoystick_Thumb.uexp" 1109
"C:/Users/prato/Documents/GitHub/GameDev-Project/Content/Input/Touch/BPI_TouchInterface.uasset" 1110
"C:/Users/prato/Documents/GitHub/GameDev-Project/Content/Input/Touch/BPI_TouchInterface.uexp" 1111
"../../../Engine/Content/MobileResources/HUD/VirtualJoystick_Background.uasset" 1112
"../../../Engine/Content/MobileResources/HUD/VirtualJoystick_Background.uexp" 1113
"C:/Users/prato/Documents/GitHub/GameDev-Project/Content/Input/Touch/UI_Thumbstick.uasset" 1114
"C:/Users/prato/Documents/GitHub/GameDev-Project/Content/Input/Touch/UI_Thumbstick.uexp" 1115
"C:/Users/prato/Documents/GitHub/GameDev-Project/Content/Input/Touch/UI_TouchSimple.uasset" 1116
"C:/Users/prato/Documents/GitHub/GameDev-Project/Content/Input/Touch/UI_TouchSimple.uexp" 1117
"C:/Users/prato/Documents/GitHub/GameDev-Project/Content/ThirdPerson/Blueprints/BP_ThirdPersonPlayerController.uasset" 1118
"C:/Users/prato/Documents/GitHub/GameDev-Project/Content/ThirdPerson/Blueprints/BP_ThirdPersonPlayerController.uexp" 1119
"C:/Users/prato/Documents/GitHub/GameDev-Project/Content/UI/GameOver/reload.ubulk" 1120
"C:/Users/prato/Documents/GitHub/GameDev-Project/Content/UI/GameOver/reload.uasset" 1121
"C:/Users/prato/Documents/GitHub/GameDev-Project/Content/UI/GameOver/reload.uexp" 1122
"C:/Users/prato/Documents/GitHub/GameDev-Project/Content/UI/GameOver/GameOver.uasset" 1123
"C:/Users/prato/Documents/GitHub/GameDev-Project/Content/UI/GameOver/GameOver.uexp" 1124
"C:/Users/prato/Documents/GitHub/GameDev-Project/Content/ThirdPerson/Blueprints/BP_ThirdPersonGameMode.uasset" 1125
"C:/Users/prato/Documents/GitHub/GameDev-Project/Content/ThirdPerson/Blueprints/BP_ThirdPersonGameMode.uexp" 1126
"C:/Users/prato/Documents/GitHub/GameDev-Project/Content/Characters/Slide-finish.uasset" 1127
"C:/Users/prato/Documents/GitHub/GameDev-Project/Content/Characters/Slide-finish.uexp" 1128
"C:/Users/prato/Documents/GitHub/GameDev-Project/Content/Characters/Slide-finish_Montage.uasset" 1129
"C:/Users/prato/Documents/GitHub/GameDev-Project/Content/Characters/Slide-finish_Montage.uexp" 1130
"C:/Users/prato/Documents/GitHub/GameDev-Project/Content/Characters/Mannequins/Textures/Quinn/T_Quinn_01_D.ubulk" 1131
"C:/Users/prato/Documents/GitHub/GameDev-Project/Content/Characters/Mannequins/Textures/Quinn/T_Quinn_01_D.uasset" 1132
"C:/Users/prato/Documents/GitHub/GameDev-Project/Content/Characters/Mannequins/Textures/Quinn/T_Quinn_01_D.uexp" 1133
"C:/Users/prato/Documents/GitHub/GameDev-Project/Content/Characters/Mannequins/Textures/Quinn/T_Quinn_01_MRA.ubulk" 1134
"C:/Users/prato/Documents/GitHub/GameDev-Project/Content/Characters/Mannequins/Textures/Quinn/T_Quinn_01_MRA.uasset" 1135
"C:/Users/prato/Documents/GitHub/GameDev-Project/Content/Characters/Mannequins/Textures/Quinn/T_Quinn_01_MRA.uexp" 1136
"C:/Users/prato/Documents/GitHub/GameDev-Project/Content/Characters/Mannequins/Textures/Quinn/T_Quinn_01_N.ubulk" 1137
"C:/Users/prato/Documents/GitHub/GameDev-Project/Content/Characters/Mannequins/Textures/Quinn/T_Quinn_01_N.uasset" 1138
"C:/Users/prato/Documents/GitHub/GameDev-Project/Content/Characters/Mannequins/Textures/Quinn/T_Quinn_01_N.uexp" 1139
"C:/Users/prato/Documents/GitHub/GameDev-Project/Content/Characters/Mannequins/Materials/Quinn/MI_Quinn_01.uasset" 1140
"C:/Users/prato/Documents/GitHub/GameDev-Project/Content/Characters/Mannequins/Materials/Quinn/MI_Quinn_01.uexp" 1141
"C:/Users/prato/Documents/GitHub/GameDev-Project/Content/Characters/Mannequins/Textures/Quinn/T_Quinn_02_D.ubulk" 1142
"C:/Users/prato/Documents/GitHub/GameDev-Project/Content/Characters/Mannequins/Textures/Quinn/T_Quinn_02_D.uasset" 1143
"C:/Users/prato/Documents/GitHub/GameDev-Project/Content/Characters/Mannequins/Textures/Quinn/T_Quinn_02_D.uexp" 1144
"C:/Users/prato/Documents/GitHub/GameDev-Project/Content/Characters/Mannequins/Textures/Quinn/T_Quinn_02_MRA.ubulk" 1145
"C:/Users/prato/Documents/GitHub/GameDev-Project/Content/Characters/Mannequins/Textures/Quinn/T_Quinn_02_MRA.uasset" 1146
"C:/Users/prato/Documents/GitHub/GameDev-Project/Content/Characters/Mannequins/Textures/Quinn/T_Quinn_02_MRA.uexp" 1147
"C:/Users/prato/Documents/GitHub/GameDev-Project/Content/Characters/Mannequins/Textures/Quinn/T_Quinn_02_N.ubulk" 1148
"C:/Users/prato/Documents/GitHub/GameDev-Project/Content/Characters/Mannequins/Textures/Quinn/T_Quinn_02_N.uasset" 1149
"C:/Users/prato/Documents/GitHub/GameDev-Project/Content/Characters/Mannequins/Textures/Quinn/T_Quinn_02_N.uexp" 1150
"C:/Users/prato/Documents/GitHub/GameDev-Project/Content/Characters/Mannequins/Materials/Quinn/MI_Quinn_02.uasset" 1151
"C:/Users/prato/Documents/GitHub/GameDev-Project/Content/Characters/Mannequins/Materials/Quinn/MI_Quinn_02.uexp" 1152
"C:/Users/prato/Documents/GitHub/GameDev-Project/Content/Characters/Mannequins/Meshes/SKM_Quinn_Simple.uasset" 1153
"C:/Users/prato/Documents/GitHub/GameDev-Project/Content/Characters/Mannequins/Meshes/SKM_Quinn_Simple.uexp" 1154
"../../../Engine/Plugins/Animation/ACLPlugin/Content/ACLAnimBoneCompressionSettings.uasset" 1155
"../../../Engine/Plugins/Animation/ACLPlugin/Content/ACLAnimBoneCompressionSettings.uexp" 1156
"C:/Users/prato/Documents/GitHub/GameDev-Project/Content/Characters/Mannequins/Anims/Unarmed/Jump/MM_Dash.uasset" 1157
"C:/Users/prato/Documents/GitHub/GameDev-Project/Content/Characters/Mannequins/Anims/Unarmed/Jump/MM_Dash.uexp" 1158
"C:/Users/prato/Documents/GitHub/GameDev-Project/Content/Characters/Mannequins/Anims/Unarmed/Jump/MM_Dash_Montage.uasset" 1159
"C:/Users/prato/Documents/GitHub/GameDev-Project/Content/Characters/Mannequins/Anims/Unarmed/Jump/MM_Dash_Montage.uexp" 1160
"C:/Users/prato/Documents/GitHub/GameDev-Project/Content/ThirdPerson/Blueprints/BP_ThirdPersonCharacter.uasset" 1161
"C:/Users/prato/Documents/GitHub/GameDev-Project/Content/ThirdPerson/Blueprints/BP_ThirdPersonCharacter.uexp" 1162
"../../../Engine/Plugins/Interchange/Assets/Content/gltf/MaterialInstances/MI_Default_Opaque_DS.uasset" 1163
"../../../Engine/Plugins/Interchange/Assets/Content/gltf/MaterialInstances/MI_Default_Opaque_DS.uexp" 1164
"C:/Users/prato/Documents/GitHub/GameDev-Project/Content/Fab/Goofy_Green_Alien/goofy_green/Materials/Material_002.uasset" 1165
"C:/Users/prato/Documents/GitHub/GameDev-Project/Content/Fab/Goofy_Green_Alien/goofy_green/Materials/Material_002.uexp" 1166
"C:/Users/prato/Documents/GitHub/GameDev-Project/Content/Fab/Goofy_Green_Alien/goofy_green/Materials/Material_003.uasset" 1167
"C:/Users/prato/Documents/GitHub/GameDev-Project/Content/Fab/Goofy_Green_Alien/goofy_green/Materials/Material_003.uexp" 1168
"C:/Users/prato/Documents/GitHub/GameDev-Project/Content/Fab/Goofy_Green_Alien/goofy_green/Materials/Material_004.uasset" 1169
"C:/Users/prato/Documents/GitHub/GameDev-Project/Content/Fab/Goofy_Green_Alien/goofy_green/Materials/Material_004.uexp" 1170
"C:/Users/prato/Documents/GitHub/GameDev-Project/Content/Fab/Goofy_Green_Alien/goofy_green/Materials/Material_005.uasset" 1171
"C:/Users/prato/Documents/GitHub/GameDev-Project/Content/Fab/Goofy_Green_Alien/goofy_green/Materials/Material_005.uexp" 1172
"C:/Users/prato/Documents/GitHub/GameDev-Project/Content/Fab/Goofy_Green_Alien/goofy_green/Materials/Material_006.uasset" 1173
"C:/Users/prato/Documents/GitHub/GameDev-Project/Content/Fab/Goofy_Green_Alien/goofy_green/Materials/Material_006.uexp" 1174
"C:/Users/prato/Documents/GitHub/GameDev-Project/Content/Fab/Goofy_Green_Alien/goofy_green/Materials/Material_007.uasset" 1175
"C:/Users/prato/Documents/GitHub/GameDev-Project/Content/Fab/Goofy_Green_Alien/goofy_green/Materials/Material_007.uexp" 1176
"../../../Engine/Plugins/Interchange/Assets/Content/gltf/MaterialInstances/MI_Default_Blend_DS.uasset" 1177
"../../../Engine/Plugins/Interchange/Assets/Content/gltf/MaterialInstances/MI_Default_Blend_DS.uexp" 1178
"C:/Users/prato/Documents/GitHub/GameDev-Project/Content/Fab/Goofy_Green_Alien/goofy_green/Materials/Material_008.uasset" 1179
"C:/Users/prato/Documents/GitHub/GameDev-Project/Content/Fab/Goofy_Green_Alien/goofy_green/Materials/Material_008.uexp" 1180
"C:/Users/prato/Documents/GitHub/GameDev-Project/Content/Fab/Goofy_Green_Alien/goofy_green/Materials/Material_009.uasset" 1181
"C:/Users/prato/Documents/GitHub/GameDev-Project/Content/Fab/Goofy_Green_Alien/goofy_green/Materials/Material_009.uexp" 1182
"C:/Users/prato/Documents/GitHub/GameDev-Project/Content/Fab/Goofy_Green_Alien/goofy_green/Materials/Material_010.uasset" 1183
"C:/Users/prato/Documents/GitHub/GameDev-Project/Content/Fab/Goofy_Green_Alien/goofy_green/Materials/Material_010.uexp" 1184
"C:/Users/prato/Documents/GitHub/GameDev-Project/Content/Fab/Goofy_Green_Alien/goofy_green/Materials/Material_011.uasset" 1185
"C:/Users/prato/Documents/GitHub/GameDev-Project/Content/Fab/Goofy_Green_Alien/goofy_green/Materials/Material_011.uexp" 1186
"C:/Users/prato/Documents/GitHub/GameDev-Project/Content/Fab/Goofy_Green_Alien/goofy_green/Materials/Material_012.uasset" 1187
"C:/Users/prato/Documents/GitHub/GameDev-Project/Content/Fab/Goofy_Green_Alien/goofy_green/Materials/Material_012.uexp" 1188
"C:/Users/prato/Documents/GitHub/GameDev-Project/Content/Fab/Goofy_Green_Alien/goofy_green/SkeletalMeshes/goofy_green_PhysicsAsset.uasset" 1189
"C:/Users/prato/Documents/GitHub/GameDev-Project/Content/Fab/Goofy_Green_Alien/goofy_green/SkeletalMeshes/goofy_green_PhysicsAsset.uexp" 1190
"C:/Users/prato/Documents/GitHub/GameDev-Project/Content/Fab/Goofy_Green_Alien/goofy_green/SkeletalMeshes/goofy_green_Skeleton.uasset" 1191
"C:/Users/prato/Documents/GitHub/GameDev-Project/Content/Fab/Goofy_Green_Alien/goofy_green/SkeletalMeshes/goofy_green_Skeleton.uexp" 1192
"C:/Users/prato/Documents/GitHub/GameDev-Project/Content/Fab/Goofy_Green_Alien/goofy_green/SkeletalMeshes/goofy_green.uasset" 1193
"C:/Users/prato/Documents/GitHub/GameDev-Project/Content/Fab/Goofy_Green_Alien/goofy_green/SkeletalMeshes/goofy_green.uexp" 1194
"C:/Users/prato/Documents/GitHub/GameDev-Project/Content/Blueprints/BP_NPC_Chaser.uasset" 1195
"C:/Users/prato/Documents/GitHub/GameDev-Project/Content/Blueprints/BP_NPC_Chaser.uexp" 1196
"../../../Engine/Content/BasicShapes/Cube.ubulk" 1197
"../../../Engine/Content/BasicShapes/Cube.uasset" 1198
"../../../Engine/Content/BasicShapes/Cube.uexp" 1199
"../../../Engine/Content/BasicShapes/BasicShapeMaterial.uasset" 1200
"../../../Engine/Content/BasicShapes/BasicShapeMaterial.uexp" 1201
"C:/Users/prato/Documents/GitHub/GameDev-Project/Content/Blueprints/Goal1.uasset" 1202
"C:/Users/prato/Documents/GitHub/GameDev-Project/Content/Blueprints/Goal1.uexp" 1203
"C:/Users/prato/Documents/GitHub/GameDev-Project/Content/Fab/Stylized_Energy_Cell/stylized_energy_cell/Materials/BlackRubber.uasset" 1204
"C:/Users/prato/Documents/GitHub/GameDev-Project/Content/Fab/Stylized_Energy_Cell/stylized_energy_cell/Materials/BlackRubber.uexp" 1205
"../../../Engine/Plugins/Interchange/Assets/Content/gltf/MaterialInstances/MI_Default_Opaque.uasset" 1206
"../../../Engine/Plugins/Interchange/Assets/Content/gltf/MaterialInstances/MI_Default_Opaque.uexp" 1207
"C:/Users/prato/Documents/GitHub/GameDev-Project/Content/Fab/Stylized_Energy_Cell/stylized_energy_cell/Materials/EnergyLines.uasset" 1208
"C:/Users/prato/Documents/GitHub/GameDev-Project/Content/Fab/Stylized_Energy_Cell/stylized_energy_cell/Materials/EnergyLines.uexp" 1209
"C:/Users/prato/Documents/GitHub/GameDev-Project/Content/Fab/Stylized_Energy_Cell/stylized_energy_cell/Materials/Glass.uasset" 1210
"C:/Users/prato/Documents/GitHub/GameDev-Project/Content/Fab/Stylized_Energy_Cell/stylized_energy_cell/Materials/Glass.uexp" 1211
"C:/Users/prato/Documents/GitHub/GameDev-Project/Content/Fab/Stylized_Energy_Cell/stylized_energy_cell/Materials/Gold_Metal.uasset" 1212
"C:/Users/prato/Documents/GitHub/GameDev-Project/Content/Fab/Stylized_Energy_Cell/stylized_energy_cell/Materials/Gold_Metal.uexp" 1213
"C:/Users/prato/Documents/GitHub/GameDev-Project/Content/Fab/Stylized_Energy_Cell/stylized_energy_cell/Materials/Metal_001.uasset" 1214
"C:/Users/prato/Documents/GitHub/GameDev-Project/Content/Fab/Stylized_Energy_Cell/stylized_energy_cell/Materials/Metal_001.uexp" 1215
"C:/Users/prato/Documents/GitHub/GameDev-Project/Content/Fab/Stylized_Energy_Cell/stylized_energy_cell/Materials/Metal_002.uasset" 1216
"C:/Users/prato/Documents/GitHub/GameDev-Project/Content/Fab/Stylized_Energy_Cell/stylized_energy_cell/Materials/Metal_002.uexp" 1217
"C:/Users/prato/Documents/GitHub/GameDev-Project/Content/Fab/Stylized_Energy_Cell/stylized_energy_cell/Materials/OuterGlass.uasset" 1218
"C:/Users/prato/Documents/GitHub/GameDev-Project/Content/Fab/Stylized_Energy_Cell/stylized_energy_cell/Materials/OuterGlass.uexp" 1219
"C:/Users/prato/Documents/GitHub/GameDev-Project/Content/Fab/Stylized_Energy_Cell/stylized_energy_cell/Materials/SolidGreen.uasset" 1220
"C:/Users/prato/Documents/GitHub/GameDev-Project/Content/Fab/Stylized_Energy_Cell/stylized_energy_cell/Materials/SolidGreen.uexp" 1221
"C:/Users/prato/Documents/GitHub/GameDev-Project/Content/Fab/Stylized_Energy_Cell/stylized_energy_cell/StaticMeshes/stylized_energy_cell.ubulk" 1222
"C:/Users/prato/Documents/GitHub/GameDev-Project/Content/Fab/Stylized_Energy_Cell/stylized_energy_cell/StaticMeshes/stylized_energy_cell.uasset" 1223
"C:/Users/prato/Documents/GitHub/GameDev-Project/Content/Fab/Stylized_Energy_Cell/stylized_energy_cell/StaticMeshes/stylized_energy_cell.uexp" 1224
"C:/Users/prato/Documents/GitHub/GameDev-Project/Content/Blueprints/Scrap.uasset" 1225
"C:/Users/prato/Documents/GitHub/GameDev-Project/Content/Blueprints/Scrap.uexp" 1226
"../../../Engine/Content/Functions/Engine_MaterialFunctions02/Utility/BreakOutFloat4Components.uasset" 1227
"../../../Engine/Content/Functions/Engine_MaterialFunctions02/Utility/BreakOutFloat4Components.uexp" 1228
"../../../Engine/Content/Functions/Engine_MaterialFunctions02/Utility/MakeFloat4.uasset" 1229
"../../../Engine/Content/Functions/Engine_MaterialFunctions02/Utility/MakeFloat4.uexp" 1230
"../../../Engine/Content/EngineResources/DefaultVolumeTexture2D.uasset" 1231
"../../../Engine/Content/EngineResources/DefaultVolumeTexture2D.uexp" 1232
"../../../Engine/Content/EngineResources/DefaultVolumeTexture.uasset" 1233
"../../../Engine/Content/EngineResources/DefaultVolumeTexture.uexp" 1234
"../../../Engine/Content/EngineSky/VolumetricClouds/VT_Lightning.uasset" 1235
"../../../Engine/Content/EngineSky/VolumetricClouds/VT_Lightning.uexp" 1236
"../../../Engine/Content/Functions/Engine_MaterialFunctions01/Units/Km-to-Cm.uasset" 1237
"../../../Engine/Content/Functions/Engine_MaterialFunctions01/Units/Km-to-Cm.uexp" 1238
"../../../Engine/Content/EngineSky/VolumetricClouds/m_SimpleVolumetricCloud.uasset" 1239
"../../../Engine/Content/EngineSky/VolumetricClouds/m_SimpleVolumetricCloud.uexp" 1240
"../../../Engine/Content/EngineSky/VolumetricClouds/T_CloudMask.ubulk" 1241
"../../../Engine/Content/EngineSky/VolumetricClouds/T_CloudMask.uasset" 1242
"../../../Engine/Content/EngineSky/VolumetricClouds/T_CloudMask.uexp" 1243
"../../../Engine/Content/EngineSky/VolumetricClouds/T_CloudPattern.ubulk" 1244
"../../../Engine/Content/EngineSky/VolumetricClouds/T_CloudPattern.uasset" 1245
"../../../Engine/Content/EngineSky/VolumetricClouds/T_CloudPattern.uexp" 1246
"../../../Engine/Content/EngineSky/VolumetricClouds/T_Profile_08.ubulk" 1247
"../../../Engine/Content/EngineSky/VolumetricClouds/T_Profile_08.uasset" 1248
"../../../Engine/Content/EngineSky/VolumetricClouds/T_Profile_08.uexp" 1249
"../../../Engine/Content/EngineSky/VolumetricClouds/VT_PerlinWorley_Balanced.uasset" 1250
"../../../Engine/Content/EngineSky/VolumetricClouds/VT_PerlinWorley_Balanced.uexp" 1251
"../../../Engine/Content/EngineSky/VolumetricClouds/m_SimpleVolumetricCloud_Inst.uasset" 1252
"../../../Engine/Content/EngineSky/VolumetricClouds/m_SimpleVolumetricCloud_Inst.uexp" 1253
"../../../Engine/Content/Functions/Engine_MaterialFunctions01/Gradient/GeneratedRoundRect.uasset" 1254
"../../../Engine/Content/Functions/Engine_MaterialFunctions01/Gradient/GeneratedRoundRect.uexp" 1255
"../../../Engine/Content/MaterialTemplates/Textures/T_Noise01.ubulk" 1256
"../../../Engine/Content/MaterialTemplates/Textures/T_Noise01.uasset" 1257
"../../../Engine/Content/MaterialTemplates/Textures/T_Noise01.uexp" 1258
"../../../Engine/Content/Functions/Engine_MaterialFunctions02/ExampleContent/Textures/LowResBlurredNoise.uasset" 1259
"../../../Engine/Content/Functions/Engine_MaterialFunctions02/ExampleContent/Textures/LowResBlurredNoise.uexp" 1260
"C:/Users/prato/Documents/GitHub/GameDev-Project/Content/UI/Oxygenbar/O_Bar.uasset" 1261
"C:/Users/prato/Documents/GitHub/GameDev-Project/Content/UI/Oxygenbar/O_Bar.uexp" 1262
"C:/Users/prato/Documents/GitHub/GameDev-Project/Content/UI/Oxygenbar/O_Bar_Inst.uasset" 1263
"C:/Users/prato/Documents/GitHub/GameDev-Project/Content/UI/Oxygenbar/O_Bar_Inst.uexp" 1264
"C:/Users/prato/Documents/GitHub/GameDev-Project/Content/UI/Oxygenbar/Oxygen_Bar.uasset" 1265
"C:/Users/prato/Documents/GitHub/GameDev-Project/Content/UI/Oxygenbar/Oxygen_Bar.uexp" 1266
"C:/Users/prato/Documents/GitHub/GameDev-Project/Content/Maps/BP_Obstacle.uasset" 1267
"C:/Users/prato/Documents/GitHub/GameDev-Project/Content/Maps/BP_Obstacle.uexp" 1268
"C:/Users/prato/Documents/GitHub/GameDev-Project/Content/Maps/Assets/asteroid_with_minerals/Textures/asteroid_with_minerals_texture_0.ubulk" 1269
"C:/Users/prato/Documents/GitHub/GameDev-Project/Content/Maps/Assets/asteroid_with_minerals/Textures/asteroid_with_minerals_texture_0.uasset" 1270
"C:/Users/prato/Documents/GitHub/GameDev-Project/Content/Maps/Assets/asteroid_with_minerals/Textures/asteroid_with_minerals_texture_0.uexp" 1271
"C:/Users/prato/Documents/GitHub/GameDev-Project/Content/Maps/Assets/asteroid_with_minerals/Textures/asteroid_with_minerals_texture_1.ubulk" 1272
"C:/Users/prato/Documents/GitHub/GameDev-Project/Content/Maps/Assets/asteroid_with_minerals/Textures/asteroid_with_minerals_texture_1.uasset" 1273
"C:/Users/prato/Documents/GitHub/GameDev-Project/Content/Maps/Assets/asteroid_with_minerals/Textures/asteroid_with_minerals_texture_1.uexp" 1274
"C:/Users/prato/Documents/GitHub/GameDev-Project/Content/Maps/Assets/asteroid_with_minerals/Textures/asteroid_with_minerals_texture_2.ubulk" 1275
"C:/Users/prato/Documents/GitHub/GameDev-Project/Content/Maps/Assets/asteroid_with_minerals/Textures/asteroid_with_minerals_texture_2.uasset" 1276
"C:/Users/prato/Documents/GitHub/GameDev-Project/Content/Maps/Assets/asteroid_with_minerals/Textures/asteroid_with_minerals_texture_2.uexp" 1277
"C:/Users/prato/Documents/GitHub/GameDev-Project/Content/Maps/Assets/asteroid_with_minerals/Textures/asteroid_with_minerals_texture_3.ubulk" 1278
"C:/Users/prato/Documents/GitHub/GameDev-Project/Content/Maps/Assets/asteroid_with_minerals/Textures/asteroid_with_minerals_texture_3.uasset" 1279
"C:/Users/prato/Documents/GitHub/GameDev-Project/Content/Maps/Assets/asteroid_with_minerals/Textures/asteroid_with_minerals_texture_3.uexp" 1280
"C:/Users/prato/Documents/GitHub/GameDev-Project/Content/Maps/Assets/asteroid_with_minerals/Materials/defaultMat_003.uasset" 1281
"C:/Users/prato/Documents/GitHub/GameDev-Project/Content/Maps/Assets/asteroid_with_minerals/Materials/defaultMat_003.uexp" 1282
"C:/Users/prato/Documents/GitHub/GameDev-Project/Content/Maps/Assets/asteroid_with_minerals/StaticMeshes/asteroid_with_minerals.ubulk" 1283
"C:/Users/prato/Documents/GitHub/GameDev-Project/Content/Maps/Assets/asteroid_with_minerals/StaticMeshes/asteroid_with_minerals.uasset" 1284
"C:/Users/prato/Documents/GitHub/GameDev-Project/Content/Maps/Assets/asteroid_with_minerals/StaticMeshes/asteroid_with_minerals.uexp" 1285
"C:/Users/prato/Documents/GitHub/GameDev-Project/Content/Maps/BP_Obstacle_jump.uasset" 1286
"C:/Users/prato/Documents/GitHub/GameDev-Project/Content/Maps/BP_Obstacle_jump.uexp" 1287
"C:/Users/prato/Documents/GitHub/GameDev-Project/Content/Maps/Assets/HDR_blue_nebulae-1.uasset" 1288
"C:/Users/prato/Documents/GitHub/GameDev-Project/Content/Maps/Assets/HDR_blue_nebulae-1.uexp" 1289
"C:/Users/prato/Documents/GitHub/GameDev-Project/Content/Maps/Assets/aerial_beach_02_4k/Textures/aerial_beach_02_diff_4k.ubulk" 1290
"C:/Users/prato/Documents/GitHub/GameDev-Project/Content/Maps/Assets/aerial_beach_02_4k/Textures/aerial_beach_02_diff_4k.uasset" 1291
"C:/Users/prato/Documents/GitHub/GameDev-Project/Content/Maps/Assets/aerial_beach_02_4k/Textures/aerial_beach_02_diff_4k.uexp" 1292
"C:/Users/prato/Documents/GitHub/GameDev-Project/Content/Maps/Assets/aerial_beach_02_4k/Textures/aerial_beach_02_nor_gl_4k.ubulk" 1293
"C:/Users/prato/Documents/GitHub/GameDev-Project/Content/Maps/Assets/aerial_beach_02_4k/Textures/aerial_beach_02_nor_gl_4k.uasset" 1294
"C:/Users/prato/Documents/GitHub/GameDev-Project/Content/Maps/Assets/aerial_beach_02_4k/Textures/aerial_beach_02_nor_gl_4k.uexp" 1295
"C:/Users/prato/Documents/GitHub/GameDev-Project/Content/Maps/Assets/aerial_beach_02_4k/Textures/aerial_beach_02_rough_4k.ubulk" 1296
"C:/Users/prato/Documents/GitHub/GameDev-Project/Content/Maps/Assets/aerial_beach_02_4k/Textures/aerial_beach_02_rough_4k.uasset" 1297
"C:/Users/prato/Documents/GitHub/GameDev-Project/Content/Maps/Assets/aerial_beach_02_4k/Textures/aerial_beach_02_rough_4k.uexp" 1298
"C:/Users/prato/Documents/GitHub/GameDev-Project/Content/Maps/Assets/aerial_beach_02_4k/Materials/aerial_beach_02.uasset" 1299
"C:/Users/prato/Documents/GitHub/GameDev-Project/Content/Maps/Assets/aerial_beach_02_4k/Materials/aerial_beach_02.uexp" 1300
"C:/Users/prato/Documents/GitHub/GameDev-Project/Content/Maps/Assets/alien_plants_kit/Textures/alien_plants_kit_texture_0.ubulk" 1301
"C:/Users/prato/Documents/GitHub/GameDev-Project/Content/Maps/Assets/alien_plants_kit/Textures/alien_plants_kit_texture_0.uasset" 1302
"C:/Users/prato/Documents/GitHub/GameDev-Project/Content/Maps/Assets/alien_plants_kit/Textures/alien_plants_kit_texture_0.uexp" 1303
"C:/Users/prato/Documents/GitHub/GameDev-Project/Content/Maps/Assets/alien_plants_kit/Textures/alien_plants_kit_texture_1.ubulk" 1304
"C:/Users/prato/Documents/GitHub/GameDev-Project/Content/Maps/Assets/alien_plants_kit/Textures/alien_plants_kit_texture_1.uasset" 1305
"C:/Users/prato/Documents/GitHub/GameDev-Project/Content/Maps/Assets/alien_plants_kit/Textures/alien_plants_kit_texture_1.uexp" 1306
"C:/Users/prato/Documents/GitHub/GameDev-Project/Content/Maps/Assets/alien_plants_kit/Textures/alien_plants_kit_texture_2.ubulk" 1307
"C:/Users/prato/Documents/GitHub/GameDev-Project/Content/Maps/Assets/alien_plants_kit/Textures/alien_plants_kit_texture_2.uasset" 1308
"C:/Users/prato/Documents/GitHub/GameDev-Project/Content/Maps/Assets/alien_plants_kit/Textures/alien_plants_kit_texture_2.uexp" 1309
"C:/Users/prato/Documents/GitHub/GameDev-Project/Content/Maps/Assets/alien_plants_kit/Materials/Alien_Plant_001_gameasset_Mat_1.uasset" 1310
"C:/Users/prato/Documents/GitHub/GameDev-Project/Content/Maps/Assets/alien_plants_kit/Materials/Alien_Plant_001_gameasset_Mat_1.uexp" 1311
"C:/Users/prato/Documents/GitHub/GameDev-Project/Content/Maps/Assets/alien_plants_kit/StaticMeshes/Alien_Plant_001_gameasset_Alien_Plant_001_gameasset_Mat_1_0.ubulk" 1312
"C:/Users/prato/Documents/GitHub/GameDev-Project/Content/Maps/Assets/alien_plants_kit/StaticMeshes/Alien_Plant_001_gameasset_Alien_Plant_001_gameasset_Mat_1_0.uasset" 1313
"C:/Users/prato/Documents/GitHub/GameDev-Project/Content/Maps/Assets/alien_plants_kit/StaticMeshes/Alien_Plant_001_gameasset_Alien_Plant_001_gameasset_Mat_1_0.uexp" 1314
"C:/Users/prato/Documents/GitHub/GameDev-Project/Content/Maps/Assets/alien_plants_kit/Textures/alien_plants_kit_texture_3.ubulk" 1315
"C:/Users/prato/Documents/GitHub/GameDev-Project/Content/Maps/Assets/alien_plants_kit/Textures/alien_plants_kit_texture_3.uasset" 1316
"C:/Users/prato/Documents/GitHub/GameDev-Project/Content/Maps/Assets/alien_plants_kit/Textures/alien_plants_kit_texture_3.uexp" 1317
"C:/Users/prato/Documents/GitHub/GameDev-Project/Content/Maps/Assets/alien_plants_kit/Textures/alien_plants_kit_texture_4.ubulk" 1318
"C:/Users/prato/Documents/GitHub/GameDev-Project/Content/Maps/Assets/alien_plants_kit/Textures/alien_plants_kit_texture_4.uasset" 1319
"C:/Users/prato/Documents/GitHub/GameDev-Project/Content/Maps/Assets/alien_plants_kit/Textures/alien_plants_kit_texture_4.uexp" 1320
"C:/Users/prato/Documents/GitHub/GameDev-Project/Content/Maps/Assets/alien_plants_kit/Textures/alien_plants_kit_texture_5.ubulk" 1321
"C:/Users/prato/Documents/GitHub/GameDev-Project/Content/Maps/Assets/alien_plants_kit/Textures/alien_plants_kit_texture_5.uasset" 1322
"C:/Users/prato/Documents/GitHub/GameDev-Project/Content/Maps/Assets/alien_plants_kit/Textures/alien_plants_kit_texture_5.uexp" 1323
"C:/Users/prato/Documents/GitHub/GameDev-Project/Content/Maps/Assets/alien_plants_kit/Materials/Alien_Plant_002_gameasset_Mat_1.uasset" 1324
"C:/Users/prato/Documents/GitHub/GameDev-Project/Content/Maps/Assets/alien_plants_kit/Materials/Alien_Plant_002_gameasset_Mat_1.uexp" 1325
"C:/Users/prato/Documents/GitHub/GameDev-Project/Content/Maps/Assets/alien_plants_kit/StaticMeshes/Alien_Plant_002_gameasset_Alien_Plant_002_gameasset_Mat_1_0.ubulk" 1326
"C:/Users/prato/Documents/GitHub/GameDev-Project/Content/Maps/Assets/alien_plants_kit/StaticMeshes/Alien_Plant_002_gameasset_Alien_Plant_002_gameasset_Mat_1_0.uasset" 1327
"C:/Users/prato/Documents/GitHub/GameDev-Project/Content/Maps/Assets/alien_plants_kit/StaticMeshes/Alien_Plant_002_gameasset_Alien_Plant_002_gameasset_Mat_1_0.uexp" 1328
"C:/Users/prato/Documents/GitHub/GameDev-Project/Content/Maps/Assets/alien_plants_kit/Textures/alien_plants_kit_texture_6.ubulk" 1329
"C:/Users/prato/Documents/GitHub/GameDev-Project/Content/Maps/Assets/alien_plants_kit/Textures/alien_plants_kit_texture_6.uasset" 1330
"C:/Users/prato/Documents/GitHub/GameDev-Project/Content/Maps/Assets/alien_plants_kit/Textures/alien_plants_kit_texture_6.uexp" 1331
"C:/Users/prato/Documents/GitHub/GameDev-Project/Content/Maps/Assets/alien_plants_kit/Textures/alien_plants_kit_texture_7.ubulk" 1332
"C:/Users/prato/Documents/GitHub/GameDev-Project/Content/Maps/Assets/alien_plants_kit/Textures/alien_plants_kit_texture_7.uasset" 1333
"C:/Users/prato/Documents/GitHub/GameDev-Project/Content/Maps/Assets/alien_plants_kit/Textures/alien_plants_kit_texture_7.uexp" 1334
"C:/Users/prato/Documents/GitHub/GameDev-Project/Content/Maps/Assets/alien_plants_kit/Textures/alien_plants_kit_texture_8.ubulk" 1335
"C:/Users/prato/Documents/GitHub/GameDev-Project/Content/Maps/Assets/alien_plants_kit/Textures/alien_plants_kit_texture_8.uasset" 1336
"C:/Users/prato/Documents/GitHub/GameDev-Project/Content/Maps/Assets/alien_plants_kit/Textures/alien_plants_kit_texture_8.uexp" 1337
"C:/Users/prato/Documents/GitHub/GameDev-Project/Content/Maps/Assets/alien_plants_kit/Materials/Alien_Plant_003_gameasset_Mat_1.uasset" 1338
"C:/Users/prato/Documents/GitHub/GameDev-Project/Content/Maps/Assets/alien_plants_kit/Materials/Alien_Plant_003_gameasset_Mat_1.uexp" 1339
"C:/Users/prato/Documents/GitHub/GameDev-Project/Content/Maps/Assets/alien_plants_kit/StaticMeshes/Alien_Plant_003_gameasset_Alien_Plant_003_gameasset_Mat_1_0.ubulk" 1340
"C:/Users/prato/Documents/GitHub/GameDev-Project/Content/Maps/Assets/alien_plants_kit/StaticMeshes/Alien_Plant_003_gameasset_Alien_Plant_003_gameasset_Mat_1_0.uasset" 1341
"C:/Users/prato/Documents/GitHub/GameDev-Project/Content/Maps/Assets/alien_plants_kit/StaticMeshes/Alien_Plant_003_gameasset_Alien_Plant_003_gameasset_Mat_1_0.uexp" 1342
"C:/Users/prato/Documents/GitHub/GameDev-Project/Content/Maps/Assets/alien_plants_kit/Textures/alien_plants_kit_texture_9.ubulk" 1343
"C:/Users/prato/Documents/GitHub/GameDev-Project/Content/Maps/Assets/alien_plants_kit/Textures/alien_plants_kit_texture_9.uasset" 1344
"C:/Users/prato/Documents/GitHub/GameDev-Project/Content/Maps/Assets/alien_plants_kit/Textures/alien_plants_kit_texture_9.uexp" 1345
"C:/Users/prato/Documents/GitHub/GameDev-Project/Content/Maps/Assets/alien_plants_kit/Textures/alien_plants_kit_texture_10.ubulk" 1346
"C:/Users/prato/Documents/GitHub/GameDev-Project/Content/Maps/Assets/alien_plants_kit/Textures/alien_plants_kit_texture_10.uasset" 1347
"C:/Users/prato/Documents/GitHub/GameDev-Project/Content/Maps/Assets/alien_plants_kit/Textures/alien_plants_kit_texture_10.uexp" 1348
"C:/Users/prato/Documents/GitHub/GameDev-Project/Content/Maps/Assets/alien_plants_kit/Textures/alien_plants_kit_texture_11.ubulk" 1349
"C:/Users/prato/Documents/GitHub/GameDev-Project/Content/Maps/Assets/alien_plants_kit/Textures/alien_plants_kit_texture_11.uasset" 1350
"C:/Users/prato/Documents/GitHub/GameDev-Project/Content/Maps/Assets/alien_plants_kit/Textures/alien_plants_kit_texture_11.uexp" 1351
"C:/Users/prato/Documents/GitHub/GameDev-Project/Content/Maps/Assets/alien_plants_kit/Materials/Alien_Plant_004_gameasset_Mat_1.uasset" 1352
"C:/Users/prato/Documents/GitHub/GameDev-Project/Content/Maps/Assets/alien_plants_kit/Materials/Alien_Plant_004_gameasset_Mat_1.uexp" 1353
"C:/Users/prato/Documents/GitHub/GameDev-Project/Content/Maps/Assets/alien_plants_kit/StaticMeshes/Alien_Plant_004_gameasset_Alien_Plant_004_gameasset_Mat_1_0.ubulk" 1354
"C:/Users/prato/Documents/GitHub/GameDev-Project/Content/Maps/Assets/alien_plants_kit/StaticMeshes/Alien_Plant_004_gameasset_Alien_Plant_004_gameasset_Mat_1_0.uasset" 1355
"C:/Users/prato/Documents/GitHub/GameDev-Project/Content/Maps/Assets/alien_plants_kit/StaticMeshes/Alien_Plant_004_gameasset_Alien_Plant_004_gameasset_Mat_1_0.uexp" 1356
"C:/Users/prato/Documents/GitHub/GameDev-Project/Content/Maps/Assets/alien_plants_kit/Textures/alien_plants_kit_texture_12.ubulk" 1357
"C:/Users/prato/Documents/GitHub/GameDev-Project/Content/Maps/Assets/alien_plants_kit/Textures/alien_plants_kit_texture_12.uasset" 1358
"C:/Users/prato/Documents/GitHub/GameDev-Project/Content/Maps/Assets/alien_plants_kit/Textures/alien_plants_kit_texture_12.uexp" 1359
"C:/Users/prato/Documents/GitHub/GameDev-Project/Content/Maps/Assets/alien_plants_kit/Textures/alien_plants_kit_texture_13.ubulk" 1360
"C:/Users/prato/Documents/GitHub/GameDev-Project/Content/Maps/Assets/alien_plants_kit/Textures/alien_plants_kit_texture_13.uasset" 1361
"C:/Users/prato/Documents/GitHub/GameDev-Project/Content/Maps/Assets/alien_plants_kit/Textures/alien_plants_kit_texture_13.uexp" 1362
"C:/Users/prato/Documents/GitHub/GameDev-Project/Content/Maps/Assets/alien_plants_kit/Textures/alien_plants_kit_texture_14.ubulk" 1363
"C:/Users/prato/Documents/GitHub/GameDev-Project/Content/Maps/Assets/alien_plants_kit/Textures/alien_plants_kit_texture_14.uasset" 1364
"C:/Users/prato/Documents/GitHub/GameDev-Project/Content/Maps/Assets/alien_plants_kit/Textures/alien_plants_kit_texture_14.uexp" 1365
"C:/Users/prato/Documents/GitHub/GameDev-Project/Content/Maps/Assets/alien_plants_kit/Materials/Alien_Plant_005_gameasset_Mat_1.uasset" 1366
"C:/Users/prato/Documents/GitHub/GameDev-Project/Content/Maps/Assets/alien_plants_kit/Materials/Alien_Plant_005_gameasset_Mat_1.uexp" 1367
"C:/Users/prato/Documents/GitHub/GameDev-Project/Content/Maps/Assets/alien_plants_kit/StaticMeshes/Alien_Plant_005_gameasset_Alien_Plant_005_gameasset_Mat_1_0.ubulk" 1368
"C:/Users/prato/Documents/GitHub/GameDev-Project/Content/Maps/Assets/alien_plants_kit/StaticMeshes/Alien_Plant_005_gameasset_Alien_Plant_005_gameasset_Mat_1_0.uasset" 1369
"C:/Users/prato/Documents/GitHub/GameDev-Project/Content/Maps/Assets/alien_plants_kit/StaticMeshes/Alien_Plant_005_gameasset_Alien_Plant_005_gameasset_Mat_1_0.uexp" 1370
"C:/Users/prato/Documents/GitHub/GameDev-Project/Content/Maps/Assets/alien_plants_kit/Textures/alien_plants_kit_texture_15.ubulk" 1371
"C:/Users/prato/Documents/GitHub/GameDev-Project/Content/Maps/Assets/alien_plants_kit/Textures/alien_plants_kit_texture_15.uasset" 1372
"C:/Users/prato/Documents/GitHub/GameDev-Project/Content/Maps/Assets/alien_plants_kit/Textures/alien_plants_kit_texture_15.uexp" 1373
"C:/Users/prato/Documents/GitHub/GameDev-Project/Content/Maps/Assets/alien_plants_kit/Textures/alien_plants_kit_texture_16.ubulk" 1374
"C:/Users/prato/Documents/GitHub/GameDev-Project/Content/Maps/Assets/alien_plants_kit/Textures/alien_plants_kit_texture_16.uasset" 1375
"C:/Users/prato/Documents/GitHub/GameDev-Project/Content/Maps/Assets/alien_plants_kit/Textures/alien_plants_kit_texture_16.uexp" 1376
"C:/Users/prato/Documents/GitHub/GameDev-Project/Content/Maps/Assets/alien_plants_kit/Textures/alien_plants_kit_texture_17.ubulk" 1377
"C:/Users/prato/Documents/GitHub/GameDev-Project/Content/Maps/Assets/alien_plants_kit/Textures/alien_plants_kit_texture_17.uasset" 1378
"C:/Users/prato/Documents/GitHub/GameDev-Project/Content/Maps/Assets/alien_plants_kit/Textures/alien_plants_kit_texture_17.uexp" 1379
"C:/Users/prato/Documents/GitHub/GameDev-Project/Content/Maps/Assets/alien_plants_kit/Materials/Alien_Plant_006_gameasset_Mat_1.uasset" 1380
"C:/Users/prato/Documents/GitHub/GameDev-Project/Content/Maps/Assets/alien_plants_kit/Materials/Alien_Plant_006_gameasset_Mat_1.uexp" 1381
"C:/Users/prato/Documents/GitHub/GameDev-Project/Content/Maps/Assets/alien_plants_kit/StaticMeshes/Alien_Plant_006_gameasset_Alien_Plant_006_gameasset_Mat_1_0.ubulk" 1382
"C:/Users/prato/Documents/GitHub/GameDev-Project/Content/Maps/Assets/alien_plants_kit/StaticMeshes/Alien_Plant_006_gameasset_Alien_Plant_006_gameasset_Mat_1_0.uasset" 1383
"C:/Users/prato/Documents/GitHub/GameDev-Project/Content/Maps/Assets/alien_plants_kit/StaticMeshes/Alien_Plant_006_gameasset_Alien_Plant_006_gameasset_Mat_1_0.uexp" 1384
"C:/Users/prato/Documents/GitHub/GameDev-Project/Content/Maps/Assets/alien_plants_kit/Textures/alien_plants_kit_texture_18.ubulk" 1385
"C:/Users/prato/Documents/GitHub/GameDev-Project/Content/Maps/Assets/alien_plants_kit/Textures/alien_plants_kit_texture_18.uasset" 1386
"C:/Users/prato/Documents/GitHub/GameDev-Project/Content/Maps/Assets/alien_plants_kit/Textures/alien_plants_kit_texture_18.uexp" 1387
"C:/Users/prato/Documents/GitHub/GameDev-Project/Content/Maps/Assets/alien_plants_kit/Textures/alien_plants_kit_texture_19.ubulk" 1388
"C:/Users/prato/Documents/GitHub/GameDev-Project/Content/Maps/Assets/alien_plants_kit/Textures/alien_plants_kit_texture_19.uasset" 1389
"C:/Users/prato/Documents/GitHub/GameDev-Project/Content/Maps/Assets/alien_plants_kit/Textures/alien_plants_kit_texture_19.uexp" 1390
"C:/Users/prato/Documents/GitHub/GameDev-Project/Content/Maps/Assets/alien_plants_kit/Textures/alien_plants_kit_texture_20.ubulk" 1391
"C:/Users/prato/Documents/GitHub/GameDev-Project/Content/Maps/Assets/alien_plants_kit/Textures/alien_plants_kit_texture_20.uasset" 1392
"C:/Users/prato/Documents/GitHub/GameDev-Project/Content/Maps/Assets/alien_plants_kit/Textures/alien_plants_kit_texture_20.uexp" 1393
"C:/Users/prato/Documents/GitHub/GameDev-Project/Content/Maps/Assets/alien_plants_kit/Materials/Alien_Plant_007_gameasset_Mat_1.uasset" 1394
"C:/Users/prato/Documents/GitHub/GameDev-Project/Content/Maps/Assets/alien_plants_kit/Materials/Alien_Plant_007_gameasset_Mat_1.uexp" 1395
"C:/Users/prato/Documents/GitHub/GameDev-Project/Content/Maps/Assets/alien_plants_kit/StaticMeshes/Alien_Plant_007_gameasset_Alien_Plant_007_gameasset_Mat_1_0.ubulk" 1396
"C:/Users/prato/Documents/GitHub/GameDev-Project/Content/Maps/Assets/alien_plants_kit/StaticMeshes/Alien_Plant_007_gameasset_Alien_Plant_007_gameasset_Mat_1_0.uasset" 1397
"C:/Users/prato/Documents/GitHub/GameDev-Project/Content/Maps/Assets/alien_plants_kit/StaticMeshes/Alien_Plant_007_gameasset_Alien_Plant_007_gameasset_Mat_1_0.uexp" 1398
"C:/Users/prato/Documents/GitHub/GameDev-Project/Content/Maps/Assets/alien_plants_kit/Textures/alien_plants_kit_texture_21.ubulk" 1399
"C:/Users/prato/Documents/GitHub/GameDev-Project/Content/Maps/Assets/alien_plants_kit/Textures/alien_plants_kit_texture_21.uasset" 1400
"C:/Users/prato/Documents/GitHub/GameDev-Project/Content/Maps/Assets/alien_plants_kit/Textures/alien_plants_kit_texture_21.uexp" 1401
"C:/Users/prato/Documents/GitHub/GameDev-Project/Content/Maps/Assets/alien_plants_kit/Textures/alien_plants_kit_texture_22.ubulk" 1402
"C:/Users/prato/Documents/GitHub/GameDev-Project/Content/Maps/Assets/alien_plants_kit/Textures/alien_plants_kit_texture_22.uasset" 1403
"C:/Users/prato/Documents/GitHub/GameDev-Project/Content/Maps/Assets/alien_plants_kit/Textures/alien_plants_kit_texture_22.uexp" 1404
"C:/Users/prato/Documents/GitHub/GameDev-Project/Content/Maps/Assets/alien_plants_kit/Textures/alien_plants_kit_texture_23.ubulk" 1405
"C:/Users/prato/Documents/GitHub/GameDev-Project/Content/Maps/Assets/alien_plants_kit/Textures/alien_plants_kit_texture_23.uasset" 1406
"C:/Users/prato/Documents/GitHub/GameDev-Project/Content/Maps/Assets/alien_plants_kit/Textures/alien_plants_kit_texture_23.uexp" 1407
"C:/Users/prato/Documents/GitHub/GameDev-Project/Content/Maps/Assets/alien_plants_kit/Materials/Alien_Plant_008_gameasset_Mat_1.uasset" 1408
"C:/Users/prato/Documents/GitHub/GameDev-Project/Content/Maps/Assets/alien_plants_kit/Materials/Alien_Plant_008_gameasset_Mat_1.uexp" 1409
"C:/Users/prato/Documents/GitHub/GameDev-Project/Content/Maps/Assets/alien_plants_kit/StaticMeshes/Alien_Plant_008_gameasset_Alien_Plant_008_gameasset_Mat_1_0.ubulk" 1410
"C:/Users/prato/Documents/GitHub/GameDev-Project/Content/Maps/Assets/alien_plants_kit/StaticMeshes/Alien_Plant_008_gameasset_Alien_Plant_008_gameasset_Mat_1_0.uasset" 1411
"C:/Users/prato/Documents/GitHub/GameDev-Project/Content/Maps/Assets/alien_plants_kit/StaticMeshes/Alien_Plant_008_gameasset_Alien_Plant_008_gameasset_Mat_1_0.uexp" 1412
"C:/Users/prato/Documents/GitHub/GameDev-Project/Content/Maps/Assets/alien_plants_kit/Textures/alien_plants_kit_texture_24.ubulk" 1413
"C:/Users/prato/Documents/GitHub/GameDev-Project/Content/Maps/Assets/alien_plants_kit/Textures/alien_plants_kit_texture_24.uasset" 1414
"C:/Users/prato/Documents/GitHub/GameDev-Project/Content/Maps/Assets/alien_plants_kit/Textures/alien_plants_kit_texture_24.uexp" 1415
"C:/Users/prato/Documents/GitHub/GameDev-Project/Content/Maps/Assets/alien_plants_kit/Textures/alien_plants_kit_texture_25.ubulk" 1416
"C:/Users/prato/Documents/GitHub/GameDev-Project/Content/Maps/Assets/alien_plants_kit/Textures/alien_plants_kit_texture_25.uasset" 1417
"C:/Users/prato/Documents/GitHub/GameDev-Project/Content/Maps/Assets/alien_plants_kit/Textures/alien_plants_kit_texture_25.uexp" 1418
"C:/Users/prato/Documents/GitHub/GameDev-Project/Content/Maps/Assets/alien_plants_kit/Textures/alien_plants_kit_texture_26.ubulk" 1419
"C:/Users/prato/Documents/GitHub/GameDev-Project/Content/Maps/Assets/alien_plants_kit/Textures/alien_plants_kit_texture_26.uasset" 1420
"C:/Users/prato/Documents/GitHub/GameDev-Project/Content/Maps/Assets/alien_plants_kit/Textures/alien_plants_kit_texture_26.uexp" 1421
"C:/Users/prato/Documents/GitHub/GameDev-Project/Content/Maps/Assets/alien_plants_kit/Textures/alien_plants_kit_texture_27.ubulk" 1422
"C:/Users/prato/Documents/GitHub/GameDev-Project/Content/Maps/Assets/alien_plants_kit/Textures/alien_plants_kit_texture_27.uasset" 1423
"C:/Users/prato/Documents/GitHub/GameDev-Project/Content/Maps/Assets/alien_plants_kit/Textures/alien_plants_kit_texture_27.uexp" 1424
"C:/Users/prato/Documents/GitHub/GameDev-Project/Content/Maps/Assets/alien_plants_kit/Materials/Alien_Plant_009_gameasset_Mat_1.uasset" 1425
"C:/Users/prato/Documents/GitHub/GameDev-Project/Content/Maps/Assets/alien_plants_kit/Materials/Alien_Plant_009_gameasset_Mat_1.uexp" 1426
"C:/Users/prato/Documents/GitHub/GameDev-Project/Content/Maps/Assets/alien_plants_kit/StaticMeshes/Alien_Plant_009_gameasset_Alien_Plant_009_gameasset_Mat_1_0.ubulk" 1427
"C:/Users/prato/Documents/GitHub/GameDev-Project/Content/Maps/Assets/alien_plants_kit/StaticMeshes/Alien_Plant_009_gameasset_Alien_Plant_009_gameasset_Mat_1_0.uasset" 1428
"C:/Users/prato/Documents/GitHub/GameDev-Project/Content/Maps/Assets/alien_plants_kit/StaticMeshes/Alien_Plant_009_gameasset_Alien_Plant_009_gameasset_Mat_1_0.uexp" 1429
"C:/Users/prato/Documents/GitHub/GameDev-Project/Content/Maps/Assets/alien_plants_kit/Textures/alien_plants_kit_texture_28.ubulk" 1430
"C:/Users/prato/Documents/GitHub/GameDev-Project/Content/Maps/Assets/alien_plants_kit/Textures/alien_plants_kit_texture_28.uasset" 1431
"C:/Users/prato/Documents/GitHub/GameDev-Project/Content/Maps/Assets/alien_plants_kit/Textures/alien_plants_kit_texture_28.uexp" 1432
"C:/Users/prato/Documents/GitHub/GameDev-Project/Content/Maps/Assets/alien_plants_kit/Textures/alien_plants_kit_texture_29.ubulk" 1433
"C:/Users/prato/Documents/GitHub/GameDev-Project/Content/Maps/Assets/alien_plants_kit/Textures/alien_plants_kit_texture_29.uasset" 1434
"C:/Users/prato/Documents/GitHub/GameDev-Project/Content/Maps/Assets/alien_plants_kit/Textures/alien_plants_kit_texture_29.uexp" 1435
"C:/Users/prato/Documents/GitHub/GameDev-Project/Content/Maps/Assets/alien_plants_kit/Materials/Alien_Plant_010_gameasset_Mat_1.uasset" 1436
"C:/Users/prato/Documents/GitHub/GameDev-Project/Content/Maps/Assets/alien_plants_kit/Materials/Alien_Plant_010_gameasset_Mat_1.uexp" 1437
"C:/Users/prato/Documents/GitHub/GameDev-Project/Content/Maps/Assets/alien_plants_kit/StaticMeshes/Alien_Plant_010_gameasset_Alien_Plant_010_gameasset_Mat_1_0.ubulk" 1438
"C:/Users/prato/Documents/GitHub/GameDev-Project/Content/Maps/Assets/alien_plants_kit/StaticMeshes/Alien_Plant_010_gameasset_Alien_Plant_010_gameasset_Mat_1_0.uasset" 1439
"C:/Users/prato/Documents/GitHub/GameDev-Project/Content/Maps/Assets/alien_plants_kit/StaticMeshes/Alien_Plant_010_gameasset_Alien_Plant_010_gameasset_Mat_1_0.uexp" 1440
"C:/Users/prato/Documents/GitHub/GameDev-Project/Content/Maps/Assets/alien_plants_kit/Textures/alien_plants_kit_texture_30.ubulk" 1441
"C:/Users/prato/Documents/GitHub/GameDev-Project/Content/Maps/Assets/alien_plants_kit/Textures/alien_plants_kit_texture_30.uasset" 1442
"C:/Users/prato/Documents/GitHub/GameDev-Project/Content/Maps/Assets/alien_plants_kit/Textures/alien_plants_kit_texture_30.uexp" 1443
"C:/Users/prato/Documents/GitHub/GameDev-Project/Content/Maps/Assets/alien_plants_kit/Textures/alien_plants_kit_texture_31.ubulk" 1444
"C:/Users/prato/Documents/GitHub/GameDev-Project/Content/Maps/Assets/alien_plants_kit/Textures/alien_plants_kit_texture_31.uasset" 1445
"C:/Users/prato/Documents/GitHub/GameDev-Project/Content/Maps/Assets/alien_plants_kit/Textures/alien_plants_kit_texture_31.uexp" 1446
"C:/Users/prato/Documents/GitHub/GameDev-Project/Content/Maps/Assets/alien_plants_kit/Textures/alien_plants_kit_texture_32.ubulk" 1447
"C:/Users/prato/Documents/GitHub/GameDev-Project/Content/Maps/Assets/alien_plants_kit/Textures/alien_plants_kit_texture_32.uasset" 1448
"C:/Users/prato/Documents/GitHub/GameDev-Project/Content/Maps/Assets/alien_plants_kit/Textures/alien_plants_kit_texture_32.uexp" 1449
"C:/Users/prato/Documents/GitHub/GameDev-Project/Content/Maps/Assets/alien_plants_kit/Materials/Alien_Plant_011_gameasset_Mat_1.uasset" 1450
"C:/Users/prato/Documents/GitHub/GameDev-Project/Content/Maps/Assets/alien_plants_kit/Materials/Alien_Plant_011_gameasset_Mat_1.uexp" 1451
"C:/Users/prato/Documents/GitHub/GameDev-Project/Content/Maps/Assets/alien_plants_kit/StaticMeshes/Alien_Plant_011_gameasset_Alien_Plant_011_gameasset_Mat_1_0.ubulk" 1452
"C:/Users/prato/Documents/GitHub/GameDev-Project/Content/Maps/Assets/alien_plants_kit/StaticMeshes/Alien_Plant_011_gameasset_Alien_Plant_011_gameasset_Mat_1_0.uasset" 1453
"C:/Users/prato/Documents/GitHub/GameDev-Project/Content/Maps/Assets/alien_plants_kit/StaticMeshes/Alien_Plant_011_gameasset_Alien_Plant_011_gameasset_Mat_1_0.uexp" 1454
"C:/Users/prato/Documents/GitHub/GameDev-Project/Content/Maps/Assets/sci_fi_arena/Materials/Instance_2__0.uasset" 1455
"C:/Users/prato/Documents/GitHub/GameDev-Project/Content/Maps/Assets/sci_fi_arena/Materials/Instance_2__0.uexp" 1456
"C:/Users/prato/Documents/GitHub/GameDev-Project/Content/Maps/Assets/sci_fi_arena/Materials/KB_Metal-Chrome-Rough.uasset" 1457
"C:/Users/prato/Documents/GitHub/GameDev-Project/Content/Maps/Assets/sci_fi_arena/Materials/KB_Metal-Chrome-Rough.uexp" 1458
"C:/Users/prato/Documents/GitHub/GameDev-Project/Content/Maps/Assets/sci_fi_arena/Materials/KB_Metal-Chrome-Rough_0.uasset" 1459
"C:/Users/prato/Documents/GitHub/GameDev-Project/Content/Maps/Assets/sci_fi_arena/Materials/KB_Metal-Chrome-Rough_0.uexp" 1460
"C:/Users/prato/Documents/GitHub/GameDev-Project/Content/Maps/Assets/sci_fi_arena/Materials/material.uasset" 1461
"C:/Users/prato/Documents/GitHub/GameDev-Project/Content/Maps/Assets/sci_fi_arena/Materials/material.uexp" 1462
"../../../Engine/Plugins/Interchange/Assets/Content/gltf/MaterialInstances/MI_ClearCoat_Opaque_DS.uasset" 1463
"../../../Engine/Plugins/Interchange/Assets/Content/gltf/MaterialInstances/MI_ClearCoat_Opaque_DS.uexp" 1464
"C:/Users/prato/Documents/GitHub/GameDev-Project/Content/Maps/Assets/sci_fi_arena/Textures/sci_fi_arena_texture_0.ubulk" 1465
"C:/Users/prato/Documents/GitHub/GameDev-Project/Content/Maps/Assets/sci_fi_arena/Textures/sci_fi_arena_texture_0.uasset" 1466
"C:/Users/prato/Documents/GitHub/GameDev-Project/Content/Maps/Assets/sci_fi_arena/Textures/sci_fi_arena_texture_0.uexp" 1467
"C:/Users/prato/Documents/GitHub/GameDev-Project/Content/Maps/Assets/sci_fi_arena/Materials/material_3.uasset" 1468
"C:/Users/prato/Documents/GitHub/GameDev-Project/Content/Maps/Assets/sci_fi_arena/Materials/material_3.uexp" 1469
"C:/Users/prato/Documents/GitHub/GameDev-Project/Content/Maps/Assets/sci_fi_arena/Materials/PBR_1.uasset" 1470
"C:/Users/prato/Documents/GitHub/GameDev-Project/Content/Maps/Assets/sci_fi_arena/Materials/PBR_1.uexp" 1471
"C:/Users/prato/Documents/GitHub/GameDev-Project/Content/Maps/Assets/sci_fi_arena/StaticMeshes/sci_fi_arena.ubulk" 1472
"C:/Users/prato/Documents/GitHub/GameDev-Project/Content/Maps/Assets/sci_fi_arena/StaticMeshes/sci_fi_arena.uasset" 1473
"C:/Users/prato/Documents/GitHub/GameDev-Project/Content/Maps/Assets/sci_fi_arena/StaticMeshes/sci_fi_arena.uexp" 1474
"C:/Users/prato/Documents/GitHub/GameDev-Project/Content/Maps/Map_inside.uexp" 1475
"C:/Users/prato/Documents/GitHub/GameDev-Project/Content/Maps/Map_inside.umap" 1476
"C:/Users/prato/Documents/GitHub/GameDev-Project/Content/Blueprints/to_inside.uasset" 1477
"C:/Users/prato/Documents/GitHub/GameDev-Project/Content/Blueprints/to_inside.uexp" 1478
"C:/Users/prato/Documents/GitHub/GameDev-Project/Content/Maps/Map_outside.uexp" 1479
"C:/Users/prato/Documents/GitHub/GameDev-Project/Content/Maps/Map_outside.umap" 1480
"C:/Users/prato/Documents/GitHub/GameDev-Project/Content/Blueprints/GM_MainMenu.uasset" 1481
"C:/Users/prato/Documents/GitHub/GameDev-Project/Content/Blueprints/GM_MainMenu.uexp" 1482
"../../../Engine/Content/VREditor/Sounds/UI/Click_on_Button.ubulk" 1483
"../../../Engine/Content/VREditor/Sounds/UI/Click_on_Button.uasset" 1484
"../../../Engine/Content/VREditor/Sounds/UI/Click_on_Button.uexp" 1485
"../../../Engine/Content/VREditor/Sounds/UI/Click_on_Button_Cue.uasset" 1486
"../../../Engine/Content/VREditor/Sounds/UI/Click_on_Button_Cue.uexp" 1487
"C:/Users/prato/Documents/GitHub/GameDev-Project/Content/UI/movie/3141209-uhd_3840_2160_25fps.uasset" 1488
"C:/Users/prato/Documents/GitHub/GameDev-Project/Content/UI/movie/3141209-uhd_3840_2160_25fps.uexp" 1489
"C:/Users/prato/Documents/GitHub/GameDev-Project/Content/UI/movie/MainMenu.uasset" 1490
"C:/Users/prato/Documents/GitHub/GameDev-Project/Content/UI/movie/MainMenu.uexp" 1491
"C:/Users/prato/Documents/GitHub/GameDev-Project/Content/UI/movie/MainMenu_Video.uasset" 1492
"C:/Users/prato/Documents/GitHub/GameDev-Project/Content/UI/movie/MainMenu_Video.uexp" 1493
"C:/Users/prato/Documents/GitHub/GameDev-Project/Content/UI/movie/MP_Mainmenu.uasset" 1494
"C:/Users/prato/Documents/GitHub/GameDev-Project/Content/UI/movie/MP_Mainmenu.uexp" 1495
"C:/Users/prato/Documents/GitHub/GameDev-Project/Content/UI/movie/SW_Space.ubulk" 1496
"C:/Users/prato/Documents/GitHub/GameDev-Project/Content/UI/movie/SW_Space.uasset" 1497
"C:/Users/prato/Documents/GitHub/GameDev-Project/Content/UI/movie/SW_Space.uexp" 1498
"../../../Engine/Content/VREditor/Sounds/UI/Flashlight_Switch.ubulk" 1499
"../../../Engine/Content/VREditor/Sounds/UI/Flashlight_Switch.uasset" 1500
"../../../Engine/Content/VREditor/Sounds/UI/Flashlight_Switch.uexp" 1501
"C:/Users/prato/Documents/GitHub/GameDev-Project/Content/UI/Widgets/mainmenu.uasset" 1502
"C:/Users/prato/Documents/GitHub/GameDev-Project/Content/UI/Widgets/mainmenu.uexp" 1503
"C:/Users/prato/Documents/GitHub/GameDev-Project/Content/Maps/Map_start.uexp" 1504
"C:/Users/prato/Documents/GitHub/GameDev-Project/Content/Maps/Map_start.umap" 1505
"../../../Engine/Content/Maps/Entry_BuiltData.uasset" 1506
"../../../Engine/Content/Maps/Entry_BuiltData.uexp" 1507
"../../../Engine/Content/Maps/Entry.uexp" 1508
"../../../Engine/Content/Maps/Entry.umap" 1509
